latency_ms,status,error
2.3513000924140215,200,
1.7119001131504774,200,
14.096899889409542,200,
1.7774999141693115,200,
4.075600067153573,200,
25.104900123551488,200,
16.328199999406934,200,
25.242399889975786,200,
5.5154000874608755,200,
15.284999972209334,200,
16.66670013219118,200,
26.51160000823438,200,
5.707799922674894,200,
1.830599969252944,200,
13.398800045251846,200,
7.815999910235405,200,
21.420800127089024,200,
16.56590006314218,200,
24.32670001871884,200,
8.886200143024325,200,
10.286499978974462,200,
2.1156000439077616,200,
3.5343000199645758,200,
18.82990007288754,200,
19.310800125822425,200,
2.5351999793201685,200,
9.012300055474043,200,
8.169699925929308,200,
2.7149999514222145,200,
20.84739995189011,200,
19.899300066754222,200,
2.351399976760149,200,
7.020900025963783,200,
6.580700166523457,200,
3.5872000735253096,200,
3.2057000789791346,200,
3.5103000700473785,200,
3.912599990144372,200,
3.093500155955553,200,
3.035800065845251,200,
14.329199912026525,200,
16.124699963256717,200,
26.512800017371774,200,
6.016999948769808,200,
2.1484000608325005,200,
2.3896999191492796,200,
13.546800008043647,200,
19.71079991199076,200,
16.54029986821115,200,
15.77599998563528,200,
16.408500028774142,200,
5.605200072750449,200,
7.625000085681677,200,
1.7297000158578157,200,
2.088000066578388,200,
19.96139995753765,200,
25.980699807405472,200,
16.248000087216496,200,
16.05729991570115,200,
14.956000028178096,200,
15.071500092744827,200,
14.882800169289112,200,
15.390499960631132,200,
14.734899858012795,200,
15.184000134468079,200,
8.984699845314026,200,
10.412500007078052,200,
4.498900147154927,200,
21.06259996071458,200,
18.358400091528893,200,
8.230000035837293,200,
9.53989988192916,200,
20.08139993995428,200,
18.79219990223646,200,
2.7850999031215906,200,
4.338699858635664,200,
2.4886999744921923,200,
14.704500092193484,200,
20.790399983525276,200,
16.501399921253324,200,
5.9952998999506235,200,
14.153399970382452,200,
39.76489999331534,200,
57.40970000624657,200,
29.44219997152686,200,
7.036400027573109,200,
8.913099998608232,200,
3.33990016952157,200,
12.403999920934439,200,
10.641400003805757,200,
9.04830009676516,200,
4.508899990469217,200,
3.405099967494607,200,
3.994900034740567,200,
18.596400041133165,200,
15.704999910667539,200,
6.440900033339858,200,
7.956000044941902,200,
2.796600107103586,200,
2.113899914547801,200,
23.575900122523308,200,
20.68899990990758,200,
15.30349999666214,200,
15.162500087171793,200,
6.315100006759167,200,
7.409099955111742,200,
3.9052001666277647,200,
3.6625999491661787,200,
20.017700036987662,200,
19.025799818336964,200,
2.500999951735139,200,
15.343400184065104,200,
13.215499930083752,200,
6.202500080689788,200,
6.9154000375419855,200,
25.027399882674217,200,
24.53260007314384,200,
3.3013999927788973,200,
14.83209989964962,200,
17.256800085306168,200,
28.72080006636679,200,
5.81809994764626,200,
13.775400118902326,200,
2.773100044578314,200,
12.872699880972505,200,
24.59629997611046,200,
5.906699923798442,200,
6.889899959787726,200,
2.4512000381946564,200,
2.1413001231849194,200,
5.52919995971024,200,
2.934499876573682,200,
16.043700044974685,200,
19.099999917671084,200,
8.938699960708618,200,
9.639799827709794,200,
1.8708999268710613,200,
19.000000087544322,200,
22.54569996148348,200,
2.286700066179037,200,
12.830100022256374,200,
15.9490997903049,200,
6.2194999773055315,200,
7.904199883341789,200,
22.84749993123114,200,
25.201499927788973,200,
6.349900038912892,200,
2.6034999173134565,200,
2.33919988386333,200,
15.142499934881926,200,
2.6750999968498945,200,
2.806000178679824,200,
2.2234998177736998,200,
3.070700215175748,200,
2.009500050917268,200,
19.561799941584468,200,
2.4178000167012215,200,
19.477100111544132,200,
14.633199898526073,200,
5.820899968966842,200,
6.720400182530284,200,
3.518299898132682,200,
24.21809989027679,200,
22.43160014040768,200,
7.206000154837966,200,
8.178999880328774,200,
2.615799894556403,200,
23.269499884918332,200,
19.58530000410974,200,
8.453599875792861,200,
16.362999798730016,200,
10.336600011214614,200,
15.62370010651648,200,
14.237900031730533,200,
6.192600121721625,200,
7.240999955683947,200,
26.163999922573566,200,
25.38720006123185,200,
3.5145001020282507,200,
6.589900003746152,200,
1.8254001624882221,200,
1.8582998309284449,200,
5.652699852362275,200,
24.817599914968014,200,
16.570299863815308,200,
28.68520002812147,200,
8.610100019723177,200,
14.825199963524938,200,
2.152899978682399,200,
23.459899937734008,200,
14.989200048148632,200,
14.600399881601334,200,
15.248799929395318,200,
15.284499851986766,200,
16.061499947682023,200,
6.697200005874038,200,
15.197800006717443,200,
1.8799998797476292,200,
3.974699880927801,200,
2.1019000560045242,200,
2.3592000361531973,200,
24.016400100663304,200,
21.368299843743443,200,
16.957500018179417,200,
5.4518000688403845,200,
7.392299827188253,200,
3.986499970778823,200,
3.1632999889552593,200,
5.338700022548437,200,
5.333499982953072,200,
5.363699980080128,200,
2.818699926137924,200,
12.317800195887685,200,
2.2909999825060368,200,
13.762400019913912,200,
25.60680010356009,200,
5.486400099471211,200,
1.832899870350957,200,
14.836400048807263,200,
22.84449990838766,200,
16.715999925509095,200,
7.170000113546848,200,
7.563699968159199,200,
3.414599923416972,200,
20.295499823987484,200,
23.03020004183054,200,
8.221199968829751,200,
9.479899890720844,200,
3.158099949359894,200,
3.116799984127283,200,
2.624599961563945,200,
6.712799891829491,200,
17.880599945783615,200,
17.74209993891418,200,
24.397799978032708,200,
8.3534000441432,200,
9.902199963107705,200,
19.53609986230731,200,
21.586300106719136,200,
5.719699896872044,200,
2.6688999496400356,200,
2.0776998717337847,200,
14.57139989361167,200,
1.968699973076582,200,
3.854199778288603,200,
1.7948001623153687,200,
2.0838999189436436,200,
2.706300001591444,200,
19.61970003321767,200,
2.0100001711398363,200,
3.150800010189414,200,
1.9768001511693,200,
51.579900085926056,200,
41.410700185224414,200,
6.907799979671836,200,
9.57450014539063,200,
3.127400064840913,200,
3.353700041770935,200,
5.474500125274062,200,
5.797300022095442,200,
16.944200033321977,200,
2.648300025612116,200,
26.48649993352592,200,
14.688899973407388,200,
5.775100085884333,200,
7.196199847385287,200,
22.73950004018843,200,
24.242599960416555,200,
14.622800052165985,200,
15.209999866783619,200,
8.182700024917722,200,
13.693700078874826,200,
16.394399804994464,200,
21.97850006632507,200,
6.247800076380372,200,
8.305999916046858,200,
23.09949998743832,200,
25.71190008893609,200,
2.848300151526928,200,
7.44019984267652,200,
2.0562000572681427,200,
11.791599914431572,200,
21.546700038015842,200,
16.91969996318221,200,
15.384499914944172,200,
15.500699868425727,200,
6.1067999340593815,200,
14.564499957486987,200,
1.9878000020980835,200,
4.341199994087219,200,
24.605199927464128,200,
2.52770003862679,200,
25.888000149279833,200,
14.204300008714199,200,
5.720200017094612,200,
7.505000103265047,200,
24.69530003145337,200,
23.561700014397502,200,
8.186100050807,200,
1.8544001504778862,200,
15.183799900114536,200,
2.906800014898181,200,
13.255800120532513,200,
21.57479990273714,200,
14.251700136810541,200,
15.216300031170249,200,
6.957799894735217,200,
1.7811998259276152,200,
1.8510001245886087,200,
14.562699943780899,200,
1.838600030168891,200,
7.118399953469634,200,
19.64449998922646,200,
22.360800066962838,200,
16.49960014037788,200,
6.049000192433596,200,
8.06279992684722,200,
3.7424000911414623,200,
3.5695000551640987,200,
3.093400038778782,200,
3.1292999628931284,200,
4.526499891653657,200,
7.521099876612425,200,
6.396899931132793,200,
3.572799963876605,200,
3.162799868732691,200,
3.406299976631999,200,
2.318300073966384,200,
17.30639999732375,200,
17.192300176247954,200,
5.524700041860342,200,
6.925900001078844,200,
2.978299977257848,200,
4.400299862027168,200,
3.192900214344263,200,
3.5273998510092497,200,
3.3388000447303057,200,
1.9580000080168247,200,
17.314299941062927,200,
24.220199789851904,200,
16.280099982395768,200,
5.611500004306436,200,
6.843100069090724,200,
24.37349990941584,200,
25.67050000652671,200,
8.036599960178137,200,
13.973399996757507,200,
2.387900138273835,200,
22.287500090897083,200,
14.424199936911464,200,
6.134399911388755,200,
7.003700127825141,200,
23.189600091427565,200,
24.556600023061037,200,
2.5786999613046646,200,
9.637300157919526,200,
1.7957000527530909,200,
2.1008001640439034,200,
28.31329987384379,200,
17.641799990087748,200,
15.294599812477827,200,
15.96010010689497,200,
14.598799869418144,200,
15.447800047695637,200,
5.915000103414059,200,
2.3490998428314924,200,
15.597099903970957,200,
15.770799946039915,200,
23.05499999783933,200,
6.174700101837516,200,
14.21770011074841,200,
16.25419990159571,200,
25.054199853911996,200,
5.696799838915467,200,
6.648000096902251,200,
25.09230002760887,200,
24.238199926912785,200,
3.7406999617815018,200,
9.075700072571635,200,
26.423699920997024,200,
20.94720001332462,200,
11.735399952158332,200,
15.27799991890788,200,
18.446600064635277,200,
15.7729999627918,200,
8.934400044381618,200,
2.2165998816490173,200,
2.020300133153796,200,
14.652399811893702,200,
4.448800114914775,200,
4.718200070783496,200,
7.723900023847818,200,
1.766399946063757,200,
26.61990001797676,200,
19.52859992161393,200,
6.842399947345257,200,
2.4679999332875013,200,
14.986100140959024,200,
17.49620004557073,200,
23.548200028017163,200,
5.853200098499656,200,
7.006300147622824,200,
3.720399923622608,200,
3.7114000879228115,200,
19.614800112321973,200,
21.2374001275748,200,
6.266999989748001,200,
1.7379999626427889,200,
2.3318000603467226,200,
2.083499915897846,200,
15.339000150561333,200,
2.27239984087646,200,
13.165900018066168,200,
18.481999868527055,200,
5.752400029450655,200,
14.87560011446476,200,
25.189799955114722,200,
16.714199911803007,200,
5.4564999882131815,200,
7.085199933499098,200,
23.380700033158064,200,
25.195399997755885,200,
11.212799930945039,200,
14.897000044584274,200,
6.431699963286519,200,
1.993600046262145,200,
1.9904999062418938,200,
2.3496998474001884,200,
19.787499913945794,200,
2.4194999132305384,200,
6.081199971958995,200,
18.31730012781918,200,
2.3400001227855682,200,
6.668100133538246,200,
1.8619999755173922,200,
21.71409991569817,200,
3.371099941432476,200,
6.880500121042132,200,
19.172699889168143,200,
21.93829999305308,200,
17.053100047633052,200,
6.285700015723705,200,
14.251499902456999,200,
15.60280006378889,200,
24.31269991211593,200,
5.872699897736311,200,
6.999099859967828,200,
2.1000998094677925,200,
25.224299868568778,200,
21.798099856823683,200,
6.892599863931537,200,
13.654600130394101,200,
16.836300026625395,200,
24.544999934732914,200,
5.572999827563763,200,
2.2030998952686787,200,
15.244700014591217,200,
2.0701000466942787,200,
14.422800159081817,200,
23.81980000063777,200,
6.488499930128455,200,
7.229699986055493,200,
2.269200049340725,200,
19.873700104653835,200,
23.872399935498834,200,
8.508200058713555,200,
9.909400017932057,200,
1.7336001619696617,200,
1.8464000895619392,200,
22.857500007376075,200,
17.477199900895357,200,
8.430900052189827,200,
15.65350010059774,200,
16.44549984484911,200,
23.452299879863858,200,
6.009599892422557,200,
7.193200057372451,200,
2.7222000062465668,200,
23.808500031009316,200,
22.64820015989244,200,
2.413199981674552,200,
14.235599897801876,200,
2.1932998206466436,200,
27.597100008279085,200,
13.895800104364753,200,
6.20469986461103,200,
7.165699964389205,200,
23.4141000546515,200,
25.29080002568662,200,
7.112500024959445,200,
14.354400103911757,200,
2.1130999084562063,200,
3.6457001697272062,200,
24.029799969866872,200,
2.073699841275811,200,
27.540900046005845,200,
15.088000101968646,200,
5.543900188058615,200,
13.289300026372075,200,
7.207700051367283,200,
2.1232999861240387,200,
24.138799868524075,200,
7.331399945542216,200,
2.1885999012738466,200,
2.2772999946027994,200,
22.456999868154526,200,
4.015100188553333,200,
8.626099908724427,200,
15.386899933218956,200,
16.097099985927343,200,
22.750099888071418,200,
8.250499842688441,200,
9.810300078243017,200,
3.20459995418787,200,
3.6226999945938587,200,
2.0312999840825796,200,
4.201199859380722,200,
2.5835998822003603,200,
1.9292000215500593,200,
1.9966000691056252,200,
17.95100001618266,200,
2.513800049200654,200,
3.674800042062998,200,
3.254000097513199,200,
2.416699891909957,200,
18.51580012589693,200,
2.497000154107809,200,
3.917799796909094,200,
3.1284999568015337,200,
2.6970000471919775,200,
20.70730016566813,200,
4.713800037279725,200,
6.115299882367253,200,
8.981199935078621,200,
4.994499962776899,200,
3.7431998644024134,200,
5.4980001877993345,200,
4.291699966415763,200,
3.286600112915039,200,
19.220300018787384,200,
4.155500093474984,200,
6.242099916562438,200,
7.715999847277999,200,
4.372900119051337,200,
4.945300053805113,200,
6.5512999426573515,200,
6.227000150829554,200,
4.775200039148331,200,
4.720200086012483,200,
4.587200004607439,200,
5.159699823707342,200,
5.904700141400099,200,
8.155600167810917,200,
6.90450007095933,200,
4.534499952569604,200,
6.253300001844764,200,
7.060599979013205,200,
5.053499946370721,200,
4.2808998841792345,200,
3.3493000082671642,200,
4.300100030377507,200,
6.589599885046482,200,
6.78719999268651,200,
7.253899937495589,200,
4.651000024750829,200,
4.6143000945448875,200,
6.970199989154935,200,
7.036000024527311,200,
6.801299983635545,200,
5.621500080451369,200,
5.313900066539645,200,
11.868499917909503,200,
11.759599903598428,200,
4.1102999821305275,200,
2.8789001516997814,200,
4.704699851572514,200,
5.020400043576956,200,
2.2324000019580126,200,
2.2247000597417355,200,
3.0479999259114265,200,
19.373000133782625,200,
3.864699974656105,200,
9.729299927130342,200,
7.882700068876147,200,
3.5747999791055918,200,
3.798200050368905,200,
3.923299955204129,200,
6.573100108653307,200,
6.262399954721332,200,
4.523899871855974,200,
3.500400111079216,200,
5.037400173023343,200,
6.593199912458658,200,
4.948799964040518,200,
3.136300016194582,200,
2.268899930641055,200,
3.5378998145461082,200,
2.1769998129457235,200,
3.807900007814169,200,
2.926599932834506,200,
2.7989998925477266,200,
26.75510011613369,200,
5.341700045391917,200,
3.1636999920010567,200,
3.1262999400496483,200,
17.4345001578331,200,
6.118300138041377,200,
4.471800057217479,200,
4.207500023767352,200,
5.556699819862843,200,
5.078400019556284,200,
5.391299957409501,200,
4.961199825629592,200,
7.085600169375539,200,
5.292500136420131,200,
4.7160000540316105,200,
4.946399945765734,200,
2.7608999516814947,200,
3.0472001526504755,200,
2.07719998434186,200,
2.1132000256329775,200,
24.839699966832995,200,
5.495100049301982,200,
5.839100107550621,200,
7.103199837729335,200,
3.473500022664666,200,
3.1600999645888805,200,
5.277799908071756,200,
7.510100025683641,200,
6.217699963599443,200,
5.187000147998333,200,
4.460700089111924,200,
4.843099974095821,200,
8.165600011125207,200,
10.35080011934042,200,
5.576099967584014,200,
4.306500079110265,200,
8.127399953082204,200,
4.2999000288546085,200,
2.3147999309003353,200,
2.384799998253584,200,
16.47359994240105,200,
6.373499985784292,200,
9.952299995347857,200,
3.1369999051094055,200,
4.264999879524112,200,
6.587599869817495,200,
2.442199969664216,200,
25.663400068879128,200,
5.798200145363808,200,
4.822699818760157,200,
3.7272998597472906,200,
2.6456001214683056,200,
3.331600222736597,200,
4.008800024166703,200,
3.2989000901579857,200,
3.7861999589949846,200,
4.158299881964922,200,
27.77300006709993,200,
6.421400001272559,200,
8.722800062969327,200,
5.428900010883808,200,
5.011299857869744,200,
7.009000051766634,200,
8.348200004547834,200,
7.376400055363774,200,
5.059499992057681,200,
5.871200002729893,200,
6.706900196149945,200,
4.923499887809157,200,
7.024900056421757,200,
8.669100003316998,200,
8.255100110545754,200,
4.057300044223666,200,
4.7253998927772045,200,
16.308299964293838,200,
9.528500027954578,200,
9.190399898216128,200,
9.268700145184994,200,
3.6419001407921314,200,
5.020500160753727,200,
23.69850012473762,200,
7.272699847817421,200,
3.424700116738677,200,
16.146699897944927,200,
7.370000006631017,200,
6.424200022593141,200,
9.132600156590343,200,
6.804600125178695,200,
8.459599921479821,200,
9.167199954390526,200,
7.371499901637435,200,
6.558199878782034,200,
7.8337001614272594,200,
8.026700001209974,200,
9.038700023666024,200,
7.911899825558066,200,
5.72929996997118,200,
6.383099826052785,200,
5.268299952149391,200,
5.798000143840909,200,
6.933000171557069,200,
4.861399997025728,200,
4.406900145113468,200,
16.75550010986626,200,
7.924800040200353,200,
5.797199904918671,200,
15.757699962705374,200,
6.507200188934803,200,
7.173500023782253,200,
12.850499944761395,200,
9.92069998756051,200,
8.879799861460924,200,
7.0078999269753695,200,
8.144899969920516,200,
8.07640003040433,200,
8.718200027942657,200,
9.866099804639816,200,
6.545000011101365,200,
7.9656001180410385,200,
10.778500000014901,200,
6.071300012990832,200,
7.820300059393048,200,
9.102399926632643,200,
4.503699950873852,200,
3.978499909862876,200,
3.689400153234601,200,
5.709900055080652,200,
4.129800014197826,200,
2.1921000443398952,200,
2.1213998552411795,200,
17.7110000513494,200,
5.495900055393577,200,
4.273900063708425,200,
2.250300021842122,200,
2.145600039511919,200,
3.0286998953670263,200,
15.983500052243471,200,
9.852100163698196,200,
10.824700118973851,200,
4.292000085115433,200,
6.332600023597479,200,
5.974699975922704,200,
4.842200083658099,200,
4.469099920243025,200,
2.488899976015091,200,
2.811499871313572,200,
2.188399899750948,200,
3.658900037407875,200,
2.871899865567684,200,
2.2374000400304794,200,
2.252599922940135,200,
22.786400048062205,200,
4.386499989777803,200,
7.488499861210585,200,
7.287999847903848,200,
4.487399943172932,200,
3.707699943333864,200,
4.377800039947033,200,
4.323199857026339,200,
5.1744000520557165,200,
4.479000112041831,200,
4.7287000343203545,200,
5.629600025713444,200,
5.261899903416634,200,
4.9362999852746725,200,
4.86689992249012,200,
4.583199974149466,200,
4.234899999573827,200,
5.449100164696574,200,
5.146200070157647,200,
4.180500051006675,200,
3.047199919819832,200,
2.171499887481332,200,
2.2453998681157827,200,
4.8034000210464,200,
14.468399807810783,200,
5.548099987208843,200,
7.192499935626984,200,
3.685500007122755,200,
3.501000115647912,200,
4.327799892053008,200,
9.327499894425273,200,
10.798200033605099,200,
6.1802000273019075,200,
8.15759995020926,200,
12.098500039428473,200,
8.57580010779202,200,
8.635600097477436,200,
10.113899828866124,200,
7.39459996111691,200,
4.003200214356184,200,
4.628699971362948,200,
3.833299968391657,200,
3.6798000801354647,200,
23.623400134965777,200,
6.9067999720573425,200,
7.126699900254607,200,
6.553299957886338,200,
3.5972001496702433,200,
4.313100129365921,200,
7.859800010919571,200,
5.538999801501632,200,
24.878599913790822,200,
7.778399856761098,200,
11.031399946659803,200,
5.114100174978375,200,
6.461000069975853,200,
8.62539978697896,200,
8.177500218153,200,
5.505300126969814,200,
9.622999932616949,200,
8.750000037252903,200,
6.12820009700954,200,
8.360999869182706,200,
7.828600006178021,200,
6.903699832037091,200,
6.673499941825867,200,
7.3559999000281096,200,
8.906099945306778,200,
9.285100037232041,200,
8.71920003555715,200,
9.159900015220046,200,
7.0668000262230635,200,
7.550999987870455,200,
5.881299963220954,200,
8.908200077712536,200,
8.616500068455935,200,
7.806299952790141,200,
13.648899970576167,200,
10.79609990119934,200,
8.814800065010786,200,
7.668199948966503,200,
8.554300060495734,200,
7.473200093954802,200,
4.163500154390931,200,
3.4977002069354057,200,
4.070299910381436,200,
6.328699877485633,200,
2.1299999207258224,200,
2.1160999312996864,200,
18.270500004291534,200,
6.108999950811267,200,
5.066900048404932,200,
3.664999967440963,200,
4.367099842056632,200,
2.1720000077039003,200,
2.186099998652935,200,
2.864500042051077,200,
3.6908998154103756,200,
2.764799864962697,200,
2.1206000819802284,200,
2.0520000252872705,200,
22.067500045523047,200,
4.606700036674738,200,
3.7290998734533787,200,
2.5640001986175776,200,
2.5166000705212355,200,
15.395100228488445,200,
3.7575000897049904,200,
7.020499790087342,200,
10.268700076267123,200,
3.763000015169382,200,
3.340299939736724,200,
6.174099864438176,200,
4.229299956932664,200,
12.923900038003922,200,
13.993199914693832,200,
5.987999960780144,200,
13.52389995008707,200,
2.1146999206393957,200,
4.278599983081222,200,
24.29069997742772,200,
2.134100068360567,200,
13.896199874579906,200,
26.564599946141243,200,
6.6247000358998775,200,
12.700199848040938,200,
8.914500009268522,200,
22.097500041127205,200,
22.875200025737286,200,
16.64409996010363,200,
9.085600031539798,200,
10.149700101464987,200,
2.872300101444125,200,
3.7191000301390886,200,
17.347400076687336,200,
20.09070012718439,200,
16.09930000267923,200,
15.689500141888857,200,
6.350700045004487,200,
7.821399951353669,200,
22.748999996110797,200,
24.661999894306064,200,
16.040800139307976,200,
16.021399991586804,200,
5.883099976927042,200,
8.461100049316883,200,
3.1184998806566,200,
4.340199986472726,200,
17.388900043442845,200,
22.923000156879425,200,
5.950099788606167,200,
7.642299868166447,200,
4.039200022816658,200,
4.618099890649319,200,
4.407899919897318,200,
3.4701998811215162,200,
14.165500178933144,200,
16.295399982482195,200,
5.971800070255995,200,
6.951199844479561,200,
1.926099881529808,200,
21.83880005031824,200,
25.891399942338467,200,
16.350600169971585,200,
17.24610012024641,200,
5.770100047811866,200,
7.323400117456913,200,
22.89959997870028,200,
22.705300012603402,200,
3.755599958822131,200,
16.42189989797771,200,
16.261199954897165,200,
28.05519988760352,200,
8.870299905538559,200,
9.778699837625027,200,
22.905500140041113,200,
22.07689988426864,200,
2.5459001772105694,200,
8.798500057309866,200,
1.9175000488758087,200,
2.0055000204592943,200,
2.0834000315517187,200,
14.98940004967153,200,
27.400200022384524,200,
6.143400212749839,200,
6.970599992200732,200,
3.3718000631779432,200,
4.48619993403554,200,
2.9944998677819967,200,
2.956199925392866,200,
3.9854999631643295,200,
14.278899878263474,200,
17.12159998714924,200,
6.242400035262108,200,
2.4294001050293446,200,
13.488800032064319,200,
16.794600058346987,200,
22.333099972456694,200,
2.8011000249534845,200,
7.049700012430549,200,
2.1989999804645777,200,
2.8415999840945005,200,
8.559499867260456,200,
29.81089986860752,200,
3.1967000104486942,200,
24.232099996879697,200,
2.715799957513809,200,
4.114300012588501,200,
23.583400063216686,200,
8.167100138962269,200,
2.012500073760748,200,
23.903099820017815,200,
15.741100069135427,200,
21.927500143647194,200,
8.497999981045723,200,
9.526100009679794,200,
2.360900165513158,200,
19.093899987637997,200,
20.466299960389733,200,
7.072800071910024,200,
9.18289995752275,200,
2.750999992713332,200,
2.7238999027758837,200,
3.533500013872981,200,
2.2525000385940075,200,
15.935600036755204,200,
18.094300059601665,200,
2.170399995520711,200,
12.104399967938662,200,
14.915700070559978,200,
16.492099966853857,200,
17.108700005337596,200,
2.467100042849779,200,
12.689800001680851,200,
1.9876998849213123,200,
26.29529987461865,200,
13.989500002935529,200,
16.327900113537908,200,
16.91100001335144,200,
2.2374000400304794,200,
3.545599989593029,200,
11.809300165623426,200,
26.821899926289916,200,
16.513000009581447,200,
15.057299984619021,200,
14.670000178739429,200,
2.459599869325757,200,
3.5736002027988434,200,
11.921900091692805,200,
27.373200049623847,200,
17.11099990643561,200,
2.1705999970436096,200,
2.2092999424785376,200,
14.976700069382787,200,
26.354300091043115,200,
16.356599982827902,200,
2.107200212776661,200,
14.974799938499928,200,
13.396200025454164,200,
1.829399960115552,200,
3.225599881261587,200,
11.520900065079331,200,
2.1780000533908606,200,
13.73460004106164,200,
27.11479994468391,200,
2.149400068446994,200,
1.6744998283684254,200,
1.8512997776269913,200,
1.8035999964922667,200,
1.539899967610836,200,
14.225600054487586,200,
2.048999769613147,200,
21.94140013307333,200,
14.52880003489554,200,
2.268000040203333,200,
13.346099993214011,200,
15.696299960836768,200,
15.952699817717075,200,
16.445999965071678,200,
2.211600076407194,200,
3.720399923622608,200,
27.536500012502074,200,
26.647299993783236,200,
3.1083000358194113,200,
4.511700011789799,200,
27.347899973392487,200,
25.96830017864704,200,
2.852099947631359,200,
4.71300003118813,200,
3.8457000628113747,200,
2.0969000179320574,200,
1.8768999725580215,200,
2.469099825248122,200,
3.229500027373433,200,
13.125099940225482,200,
25.66729998216033,200,
2.6839999482035637,200,
3.6027999594807625,200,
3.7513000424951315,200,
2.437500050291419,200,
2.143800025805831,200,
11.001700069755316,200,
16.376800136640668,200,
20.734800025820732,200,
2.61779990978539,200,
4.582799971103668,200,
3.5419000778347254,200,
2.733200090005994,200,
20.165399881079793,200,
25.125000160187483,200,
15.67560015246272,200,
15.798099804669619,200,
2.1198000758886337,200,
15.062500024214387,200,
14.947700081393123,200,
28.140800073742867,200,
2.2372000385075808,200,
13.19069997407496,200,
16.123700188472867,200,
27.02549984678626,200,
14.353299979120493,200,
14.117100043222308,200,
2.1970998495817184,200,
14.365300070494413,200,
16.71959995292127,200,
15.164099866524339,200,
15.260199783369899,200,
2.292599994689226,200,
3.5468998830765486,200,
11.517400154843926,200,
25.435600196942687,200,
15.720800030976534,200,
2.368000103160739,200,
13.222599867731333,200,
15.631099930033088,200,
14.55649989657104,200,
15.219299821183085,200,
2.522299997508526,200,
3.371200058609247,200,
1.7651000525802374,200,
25.69799986667931,200,
29.075599974021316,200,
13.376099988818169,200,
13.500799890607595,200,
2.1613999269902706,200,
3.376200096681714,200,
13.113999972119927,200,
27.466299943625927,200,
16.272200038656592,200,
2.4991000536829233,200,
12.740999925881624,200,
15.322000021114945,200,
2.044999971985817,200,
12.430100003257394,200,
15.342999948188663,200,
15.029400121420622,200,
15.003700042143464,200,
15.48440009355545,200,
15.342300059273839,200,
15.023699961602688,200,
15.57020004838705,200,
15.908800065517426,200,
16.483400017023087,200,
2.0091000478714705,200,
13.829799834638834,200,
28.19929993711412,200,
16.793800052255392,200,
16.584800090640783,200,
16.616499982774258,200,
1.9561999943107367,200,
3.6698998883366585,200,
27.119599981233478,200,
29.317500069737434,200,
2.176899928599596,200,
1.6956999897956848,200,
14.156300108879805,200,
3.8358999881893396,200,
2.8405000921338797,200,
25.350000010803342,200,
23.3667001593858,200,
15.977900009602308,200,
1.9276998937129974,200,
14.19509993866086,200,
16.74810005351901,200,
14.827900100499392,200,
15.347899869084358,200,
14.142900006845593,200,
14.753499999642372,200,
1.6944999806582928,200,
15.62359998933971,200,
14.53620009124279,200,
2.0089000463485718,200,
14.942399924620986,200,
13.046700041741133,200,
2.0898000802844763,200,
2.960300073027611,200,
12.267399812117219,200,
13.876500073820353,200,
2.022800035774708,200,
2.771599916741252,200,
12.930500088259578,200,
14.215099858120084,200,
2.045599976554513,200,
14.835499925538898,200,
13.207999989390373,200,
14.98360000550747,200,
15.426399884745479,200,
8.277800166979432,200,
9.649000130593777,200,
2.955400152131915,200,
2.8589998837560415,200,
2.9454000759869814,200,
3.3346000127494335,200,
3.225899999961257,200,
2.019899897277355,200,
3.7417998537421227,200,
25.829199934378266,200,
26.222500018775463,200,
15.804900089278817,200,
15.825300011783838,200,
2.210299950093031,200,
1.9493999425321817,200,
15.111400047317147,200,
28.256000019609928,200,
17.73780002258718,200,
2.144400030374527,200,
12.625699862837791,200,
14.875199878588319,200,
15.805500093847513,200,
15.840400010347366,200,
2.319199964404106,200,
3.195700002834201,200,
1.7224999610334635,200,
2.5208001025021076,200,
11.867000022903085,200,
1.8992000259459019,200,
14.002700103446841,200,
22.59279997088015,200,
1.7993999645113945,200,
2.831800142303109,200,
12.138599995523691,200,
13.420599978417158,200,
2.6771998964250088,200,
14.510500011965632,200,
14.745899941772223,200,
27.219299925491214,200,
2.1112000104039907,200,
13.932000147178769,200,
16.252400120720267,200,
15.207799850031734,200,
15.049200039356947,200,
2.827299991622567,200,
4.318800056353211,200,
3.4423000179231167,200,
23.305200040340424,200,
26.246200082823634,200,
16.271400032564998,200,
15.739499824121594,200,
2.6371001731604338,200,
14.328999910503626,200,
16.092299949377775,200,
28.149699792265892,200,
15.499700093641877,200,
15.535300131887197,200,
1.9250998739153147,200,
3.5180000122636557,200,
2.4947000201791525,200,
2.636499935761094,200,
3.723400179296732,200,
4.060500068590045,200,
3.7002998869866133,200,
3.755599958822131,200,
4.443599842488766,200,
5.628400016576052,200,
3.7434000987559557,200,
2.5317000690847635,200,
4.964799853041768,200,
4.411699948832393,200,
4.945799941197038,200,
6.304699927568436,200,
5.251600174233317,200,
3.571300068870187,200,
3.323500044643879,200,
4.237899789586663,200,
3.468699986115098,200,
20.016599912196398,200,
19.10929987207055,200,
2.926900051534176,200,
3.6051999777555466,200,
2.450099913403392,200,
27.2365000564605,200,
25.29369993135333,200,
2.6459998916834593,200,
14.596200082451105,200,
27.64820004813373,200,
16.230300068855286,200,
3.431099932640791,200,
5.118099972605705,200,
3.167300019413233,200,
3.3372000325471163,200,
2.4139999877661467,200,
4.249099874868989,200,
2.9575000517070293,200,
2.6195000391453505,200,
21.50109992362559,200,
22.9547000490129,200,
16.307999845594168,200,
1.9384999759495258,200,
13.98060005158186,200,
16.429200069978833,200,
1.9662999548017979,200,
3.465200075879693,200,
12.62490008957684,200,
1.801700098440051,200,
1.8869999330490828,200,
1.658399822190404,200,
25.778100127354264,200,
16.917699947953224,200,
26.0536998976022,200,
2.051600022241473,200,
14.89019999280572,200,
12.802799930796027,200,
15.630600042641163,200,
15.64590004272759,200,
2.29199999012053,200,
13.038699980825186,200,
15.35829994827509,200,
2.212599851191044,200,
12.980399886146188,200,
15.840500127524137,200,
16.17970014922321,200,
17.077399883419275,200,
15.703900018706918,200,
16.530599910765886,200,
2.883699955418706,200,
14.273099834099412,200,
15.080000041052699,200,
27.09119999781251,200,
15.465300064533949,200,
15.98370005376637,200,
3.1865998171269894,200,
3.636399982497096,200,
2.171899890527129,200,
3.7200001534074545,200,
2.807899843901396,200,
1.5757998917251825,200,
25.879499968141317,200,
28.706899844110012,200,
20.754400175064802,200,
26.869599940255284,200,
12.563300086185336,200,
24.901799857616425,200,
26.080100098624825,200,
15.592799987643957,200,
16.004200093448162,200,
2.1848001051694155,200,
15.141400042921305,200,
13.069599866867065,200,
2.082300139591098,200,
15.435900073498487,200,
13.53419991210103,200,
2.9191002249717712,200,
3.11249983496964,200,
3.5467001143842936,200,
4.155199974775314,200,
23.91539979726076,200,
22.740700049325824,200,
2.9974000062793493,200,
4.521299852058291,200,
3.276999806985259,200,
2.857099985703826,200,
2.6006000116467476,200,
2.0305998623371124,200,
3.484700107946992,200,
15.12239989824593,200,
22.51449995674193,200,
2.14939983561635,200,
3.8912000600248575,200,
3.3195000141859055,200,
25.98559996113181,200,
25.288600008934736,200,
2.057500183582306,200,
1.6924000810831785,200,
14.447200112044811,200,
16.616499982774258,200,
27.264799922704697,200,
2.148799831047654,200,
15.9490997903049,200,
14.41180007532239,200,
15.641799895092845,200,
15.643100021407008,200,
15.414899913594127,200,
15.494500054046512,200,
1.9847999792546034,200,
4.055099794641137,200,
25.748200016096234,200,
27.881900081411004,200,
2.96920002438128,200,
14.280600007623434,200,
2.4266999680548906,200,
12.514600064605474,200,
27.010499965399504,200,
3.4024000633507967,200,
2.4484999012202024,200,
2.679599914699793,200,
14.560400042682886,200,
6.62890006788075,200,
2.5247999001294374,200,
4.710800014436245,200,
4.931100178509951,200,
3.6844999995082617,200,
22.084600059315562,200,
23.814700078219175,200,
2.5089001283049583,200,
4.430799977853894,200,
3.5657999105751514,200,
4.073500167578459,200,
3.949299920350313,200,
3.4322000574320555,200,
20.031200023368,200,
18.866099882870913,200,
2.1880001295357943,200,
4.332399927079678,200,
27.668100083246827,200,
29.68699997290969,200,
2.4693000596016645,200,
12.459299992769957,200,
15.636200085282326,200,
2.462400123476982,200,
4.456900060176849,200,
3.5864999517798424,200,
24.259200086817145,200,
26.549400063231587,200,
2.6912998873740435,200,
4.4879000633955,200,
2.001499990001321,200,
28.654900146648288,200,
25.467599974945188,200,
2.9591999482363462,200,
4.17069997638464,200,
27.154600014910102,200,
26.102200150489807,200,
3.325799945741892,200,
5.159700056537986,200,
3.2663000747561455,200,
3.395700128749013,200,
5.139900138601661,200,
3.809700021520257,200,
4.31030010804534,200,
7.959600072354078,200,
3.5894999746233225,200,
2.844400005415082,200,
2.049800008535385,200,
1.905200071632862,200,
2.2168001160025597,200,
2.3692999966442585,200,
2.568199997767806,200,
2.303999848663807,200,
25.915100006386638,200,
2.142100129276514,200,
2.7364999987185,200,
24.67289986088872,200,
27.018799912184477,200,
16.48109988309443,200,
2.566299866884947,200,
2.901999978348613,200,
2.3089000023901463,200,
2.0192000083625317,200,
1.9529000855982304,200,
15.051899943500757,200,
4.202299984171987,200,
1.9880000036209822,200,
14.018200105056167,200,
26.89379989169538,200,
16.776999924331903,200,
3.0642999336123466,200,
1.931800041347742,200,
13.985099969431758,200,
2.22250004298985,200,
25.8544001262635,200,
14.553399989381433,200,
2.5696998927742243,200,
4.758400144055486,200,
3.545100102201104,200,
3.527299966663122,200,
22.742999950423837,200,
25.09099990129471,200,
3.360200207680464,200,
5.559900077059865,200,
4.811199847608805,200,
3.8665998727083206,200,
3.219599835574627,200,
5.338000133633614,200,
6.035200087353587,200,
4.462300101295114,200,
3.8165999576449394,200,
4.443600075319409,200,
3.725700080394745,200,
4.317500162869692,200,
6.601900095120072,200,
8.7268000934273,200,
5.132499849423766,200,
3.0580000020563602,200,
5.2871000953018665,200,
8.088599890470505,200,
6.423699902370572,200,
3.740900196135044,200,
4.4189998880028725,200,
3.8205001037567854,200,
4.422300029546022,200,
5.033600144088268,200,
6.482899887487292,200,
4.679700126871467,200,
4.02280013076961,200,
6.046900060027838,200,
3.658600151538849,200,
4.9317998345941305,200,
3.7958999164402485,200,
3.3581999596208334,200,
16.596500063315034,200,
5.289300112053752,200,
3.7974000442773104,200,
5.861000157892704,200,
5.321099888533354,200,
5.2489000372588634,200,
3.5959999077022076,200,
3.9084998425096273,200,
4.71030012704432,200,
4.779099952429533,200,
3.9945999160408974,200,
4.088700050488114,200,
3.9677999448031187,200,
1.965999836102128,200,
2.2007999941706657,200,
2.1438999101519585,200,
1.8752999603748322,200,
2.0771000999957323,200,
1.9382000900804996,200,
2.3143000435084105,200,
2.1265000104904175,200,
20.52749996073544,200,
4.212500061839819,200,
3.214500145986676,200,
1.7940998077392578,200,
1.9145999103784561,200,
1.806700136512518,200,
2.0636001136153936,200,
2.230999991297722,200,
13.368000043556094,200,
4.124399973079562,200,
3.2926001586019993,200,
2.6428999844938517,200,
2.6197999250143766,200,
2.700299955904484,200,
2.4191001430153847,200,
26.022799778729677,200,
25.236499961465597,200,
14.072199817746878,200,
14.291899977251887,200,
16.093000071123242,200,
16.02169987745583,200,
15.967100160196424,200,
15.83379996009171,200,
7.302700076252222,200,
9.12069994956255,200,
19.912400050088763,200,
22.14610017836094,200,
2.676399890333414,200,
14.462099876254797,200,
16.371400095522404,200,
28.389800107106566,200,
2.3260999005287886,200,
16.041499795392156,200,
14.40689992159605,200,
2.6998999528586864,200,
13.25429999269545,200,
2.1655999589711428,200,
2.0421999506652355,200,
25.1696000341326,200,
2.1164000499993563,200,
14.776600059121847,200,
27.276800014078617,200,
2.3227999918162823,200,
16.071900026872754,200,
14.354699989780784,200,
2.1893999073654413,200,
12.824200093746185,200,
15.73630003258586,200,
2.4443999864161015,200,
3.816500073298812,200,
3.1359000131487846,200,
3.178599989041686,200,
3.192999865859747,200,
3.073400119319558,200,
3.687199903652072,200,
3.6357999779284,200,
17.069999827072024,200,
19.187900004908442,200,
15.747500117868185,200,
15.366200124844909,200,
6.6986000165343285,200,
15.236100181937218,200,
25.043000001460314,200,
16.943699913099408,200,
2.339400118216872,200,
14.288699952885509,200,
16.215400071814656,200,
28.26910000294447,200,
3.1455999705940485,200,
13.282600091770291,200,
16.329900128766894,200,
3.2793001737445593,200,
13.823600020259619,200,
26.53099992312491,200,
15.9514001570642,200,
15.911699971184134,200,
16.11860003322363,200,
15.62960003502667,200,
15.458500012755394,200,
2.0425000693649054,200,
13.257000129669905,200,
15.891899820417166,200,
1.6731999348849058,200,
15.575000084936619,200,
14.404400018975139,200,
14.318800065666437,200,
14.913000166416168,200,
15.74230007827282,200,
15.575499972328544,200,
15.857500024139881,200,
16.584500204771757,200,
1.883199904114008,200,
15.862700063735247,200,
13.818399980664253,200,
6.306899944320321,200,
13.965999940410256,200,
16.771299997344613,200,
25.26549994945526,200,
15.47069987282157,200,
16.45950018428266,200,
14.82909987680614,200,
14.997899997979403,200,
3.17100016400218,200,
13.353899819776416,200,
27.038800064474344,200,
16.375900013372302,200,
2.222200157120824,200,
13.217800064012408,200,
16.09899988397956,200,
2.668599830940366,200,
2.490099985152483,200,
2.5994000025093555,200,
3.9500000420957804,200,
25.256399996578693,200,
24.114600149914622,200,
2.266600029543042,200,
3.0785000417381525,200,
13.284100219607353,200,
27.64270012266934,200,
15.88429999537766,200,
15.293000033125281,200,
15.911600086838007,200,
1.9278000108897686,200,
3.564500017091632,200,
2.7737999334931374,200,
2.6116000954061747,200,
2.954999916255474,200,
3.4167999401688576,200,
3.955800086259842,200,
4.567200085148215,200,
4.410400055348873,200,
4.074100172147155,200,
3.7106999661773443,200,
2.810999983921647,200,
25.63589997589588,200,
24.724300019443035,200,
2.3091998882591724,200,
3.604999976232648,200,
12.523600133135915,200,
26.281600119546056,200,
15.376900089904666,200,
2.6059001684188843,200,
14.285300159826875,200,
16.6830001398921,200,
28.375500114634633,200,
2.656599972397089,200,
4.4507000129669905,200,
3.8332000840455294,200,
3.4856998827308416,200,
3.0677001923322678,200,
2.7233001310378313,200,
2.56429985165596,200,
2.9771002009510994,200,
2.8117999900132418,200,
1.9951998256146908,200,
12.128100031986833,200,
15.764499781653285,200,
15.93050011433661,200,
15.675200149416924,200,
2.0133000798523426,200,
3.6241000052541494,200,
2.8157001361250877,200,
2.8925000224262476,200,
4.012300167232752,200,
4.484100034460425,200,
3.6750000435858965,200,
3.182400017976761,200,
4.107499960809946,200,
4.706900101155043,200,
12.113000033423305,200,
14.37129988335073,200,
15.559399966150522,200,
16.15720009431243,200,
15.340299811214209,200,
16.120800049975514,200,
1.5845000743865967,200,
16.21099980548024,200,
14.614999992772937,200,
1.7128000035881996,200,
3.0304999090731144,200,
12.794299982488155,200,
1.909600105136633,200,
28.7665999494493,200,
15.166800003498793,200,
2.1673000883311033,200,
4.341699881479144,200,
2.241400070488453,200,
1.550199929624796,200,
23.163699777796865,200,
25.59640002436936,200,
3.4728001337498426,200,
4.84090019017458,200,
3.22089996188879,200,
2.7565001510083675,200,
2.769000129774213,200,
2.687999978661537,200,
2.575299935415387,200,
2.7904000598937273,200,
3.5204000305384398,200,
4.2848000302910805,200,
14.798900112509727,200,
12.931100092828274,200,
2.7837001252919436,200,
12.12420011870563,200,
15.04279999062419,200,
1.9801999442279339,200,
13.520600041374564,200,
16.13759994506836,200,
2.105599967762828,200,
1.60910002887249,200,
2.6672000531107187,200,
14.254000037908554,200,
23.83340010419488,200,
16.625499818474054,200,
16.033099964261055,200,
16.57350012101233,200,
2.0757000893354416,200,
13.134700013324618,200,
15.599100152030587,200,
1.7210000660270452,200,
3.22720012627542,200,
11.603499995544553,200,
14.34340002015233,200,
16.05920004658401,200,
14.846400124952197,200,
2.3241001181304455,200,
13.0281001329422,200,
15.663699945434928,200,
2.3339998442679644,200,
2.905100118368864,200,
12.927399948239326,200,
14.201699988916516,200,
15.25630010291934,200,
15.776100102812052,200,
1.9759999122470617,200,
1.5828001778572798,200,
16.90009981393814,200,
13.326599961146712,200,
14.39850009046495,200,
15.278100036084652,200,
2.1208999678492546,200,
16.3870002143085,200,
13.95840011537075,200,
2.0457999780774117,200,
14.050199883058667,200,
12.741700047627091,200,
2.70389998331666,200,
3.205300075933337,200,
1.9910999108105898,200,
12.978099985048175,200,
15.534699894487858,200,
25.649699848145247,200,
2.382800215855241,200,
15.900499885901809,200,
13.785199960693717,200,
1.716200029477477,200,
2.522299997508526,200,
15.053800074383616,200,
1.9455000292509794,200,
1.8108999356627464,200,
2.9893999453634024,200,
25.77259996905923,200,
1.886799931526184,200,
15.538299921900034,200,
25.922700064256787,200,
2.9577999375760555,200,
3.6678998731076717,200,
2.352299867197871,200,
25.929300114512444,200,
23.89799989759922,200,
1.9606000278145075,200,
16.09139982610941,200,
13.61330016516149,200,
2.0363000221550465,200,
1.605199882760644,200,
14.658699976280332,200,
1.7108998727053404,200,
14.935999875888228,200,
28.35509995929897,200,
1.8599999602884054,200,
2.6775000151246786,200,
1.6691999044269323,200,
11.973300017416477,200,
26.092200074344873,200,
17.115900060161948,200,
14.91959998384118,200,
15.525799943134189,200,
2.7125999331474304,200,
4.319400060921907,200,
3.3553000539541245,200,
2.9368000105023384,200,
2.781700110062957,200,
3.1318000983446836,200,
3.2025999389588833,200,
2.903900109231472,200,
3.920900169759989,200,
4.162200028076768,200,
2.7504998724907637,200,
2.3979998659342527,200,
26.592800160869956,200,
28.282599989324808,200,
3.0672999564558268,200,
15.47669991850853,200,
12.879200046882033,200,
3.4931001719087362,200,
14.199099969118834,200,
26.82460006326437,200,
15.97609999589622,200,
1.8366000149399042,200,
2.9247000347822905,200,
13.920700177550316,200,
13.10660014860332,200,
15.726800076663494,200,
15.527399955317378,200,
2.9157998505979776,200,
3.4486001823097467,200,
27.5560999289155,200,
27.64079999178648,200,
16.145800007507205,200,
16.71059988439083,200,
15.007100068032742,200,
15.028699999675155,200,
2.6569999754428864,200,
12.505199993029237,200,
15.778400003910065,200,
2.438200172036886,200,
14.766199979931116,200,
13.1096001714468,200,
2.2140999790281057,200,
15.722999814897776,200,
13.339100172743201,200,
2.2783998865634203,200,
3.7676000501960516,200,
12.131399940699339,200,
28.90169993042946,200,
40.20199994556606,200,
1.7941000405699015,200,
3.7345997989177704,200,
2.0262999460101128,200,
16.346900025382638,200,
13.850999996066093,200,
26.609099935740232,200,
1.9119000062346458,200,
3.518099896609783,200,
3.4050000831484795,200,
3.890400053933263,200,
3.8388001266866922,200,
3.829300170764327,200,
3.4896000288426876,200,
3.960500005632639,200,
3.734600031748414,200,
1.9818998407572508,200,
3.5716998390853405,200,
2.129900036379695,200,
24.205199908465147,200,
26.994399959221482,200,
15.725799836218357,200,
15.826700022444129,200,
2.4805001448839903,200,
3.1077999155968428,200,
1.8087001517415047,200,
11.893399991095066,200,
24.863200029358268,200,
16.331899911165237,200,
15.080000041052699,200,
15.903200022876263,200,
2.032600110396743,200,
13.662300072610378,200,
16.500799916684628,200,
2.658100100234151,200,
13.36069987155497,200,
16.192899784073234,200,
28.371299849823117,200,
3.1756998505443335,200,
4.020499996840954,200,
26.487499941140413,200,
28.66449998691678,200,
3.8247001357376575,200,
4.3663999531418085,200,
2.725499914959073,200,
3.6100998986512423,200,
2.8148998972028494,200,
22.43689983151853,200,
20.847199950367212,200,
2.2586998529732227,200,
3.303500125184655,200,
2.0161999855190516,200,
2.40500015206635,200,
12.176299933344126,200,
22.406599950045347,200,
16.39549992978573,200,
2.392000053077936,200,
13.095600064843893,200,
15.48839989118278,200,
2.189100021496415,200,
3.810799913480878,200,
2.96289985999465,200,
4.0732999332249165,200,
2.7173999696969986,200,
2.9648998752236366,200,
4.061399959027767,200,
17.529899952933192,200,
19.130999920889735,200,
2.7042001020163298,200,
14.088500058278441,200,
2.1335999481379986,200,
27.762999990954995,200,
14.110499992966652,200,
2.4489001370966434,200,
13.96839995868504,200,
13.390999985858798,200,
9.688299847766757,200,
1.599400071427226,200,
12.997800018638372,200,
16.28940016962588,200,
19.991100067272782,200,
2.439199946820736,200,
2.281300025060773,200,
13.964599929749966,200,
17.128999810665846,200,
26.786400005221367,200,
2.260599983856082,200,
12.745699845254421,200,
15.174700180068612,200,
14.0796999912709,200,
14.68140003271401,200,
1.8245999235659838,200,
2.9575000517070293,200,
13.436400098726153,200,
14.40290012396872,200,
2.2759002167731524,200,
15.846099937334657,200,
13.94469989463687,200,
1.9517000764608383,200,
15.62029984779656,200,
13.627300038933754,200,
2.261000219732523,200,
15.137499896809459,200,
13.442900031805038,200,
3.030699910596013,200,
2.8735999949276447,200,
13.295199954882264,200,
13.857400044798851,200,
2.055400051176548,200,
1.4820999931544065,200,
1.3552000746130943,200,
1.369300065562129,200,
1.4375001192092896,200,
1.4053999911993742,200,
12.883299961686134,200,
16.44579996354878,200,
20.543700084090233,200,
14.716299949213862,200,
14.855100074782968,200,
2.8888999950140715,200,
14.933899976313114,200,
12.554100016131997,200,
15.483299968764186,200,
16.103400150313973,200,
2.3030999582260847,200,
15.685299877077341,200,
13.243600027635694,200,
2.3779000621289015,200,
4.037899896502495,200,
3.4447000361979008,200,
26.48230013437569,200,
25.31540021300316,200,
2.416200004518032,200,
13.09760008007288,200,
15.63989999704063,200,
14.739899896085262,200,
14.741700142621994,200,
2.382699865847826,200,
15.153700020164251,200,
13.508399948477745,200,
2.283700043335557,200,
13.234199956059456,200,
15.372300054877996,200,
2.054499927908182,200,
12.500999961048365,200,
15.186900040134788,200,
15.742199961096048,200,
15.766700031235814,200,
1.660600071772933,200,
15.379999997094274,200,
14.25320003181696,200,
16.508999979123473,200,
17.097400035709143,200,
2.160400152206421,200,
12.890500016510487,200,
15.88429999537766,200,
2.9299999587237835,200,
13.340699952095747,200,
17.54670008085668,200,
28.823199914768338,200,
2.436799928545952,200,
3.614499932155013,200,
2.932900097221136,200,
26.6913000959903,200,
25.582500034943223,200,
2.031099982559681,200,
3.5810000263154507,200,
3.0090000946074724,200,
26.2945001013577,200,
28.21180014871061,200,
2.033799886703491,200,
3.261200152337551,200,
12.490299995988607,200,
16.28460013307631,200,
28.18010002374649,200,
1.8937001004815102,200,
3.4401000011712313,200,
1.5617997851222754,200,
12.102299835532904,200,
25.87660006247461,200,
17.015600111335516,200,
2.3677998688071966,200,
3.1198998913168907,200,
1.9054999575018883,200,
2.7790998574346304,200,
25.783700169995427,200,
25.472499895840883,200,
2.282500034198165,200,
14.587299898266792,200,
16.304800054058433,200,
2.169199986383319,200,
15.349100111052394,200,
13.590999878942966,200,
15.771000180393457,200,
16.245400067418814,200,
15.20140003412962,200,
15.550600131973624,200,
2.737599890679121,200,
4.26549999974668,200,
24.76800000295043,200,
26.121099945157766,200,
2.6732999831438065,200,
4.312200006097555,200,
12.341500027105212,200,
16.279800096526742,200,
27.619800064712763,200,
15.919300029054284,200,
16.553299967199564,200,
1.809899928048253,200,
14.485500054433942,200,
13.295199954882264,200,
2.125399885699153,200,
4.125999985262752,200,
2.0584999583661556,200,
11.754699982702732,200,
1.7442998941987753,200,
24.6286999899894,200,
15.419800067320466,200,
15.313400188460946,200,
15.285300090909004,200,
1.9209999591112137,200,
14.247399987652898,200,
15.929599991068244,200,
1.9125998951494694,200,
13.44839995726943,200,
15.7729999627918,200,
2.2301001008599997,200,
1.5690999571233988,200,
15.043499879539013,200,
16.133900033310056,200,
27.719599893316627,200,
14.776099938899279,200,
15.604600077494979,200,
2.0973000209778547,200,
16.575500136241317,200,
14.376600040122867,200,
2.396099967882037,200,
2.9659001156687737,200,
1.6723000444471836,200,
26.7106001265347,200,
24.478800129145384,200,
3.1859001610428095,200,
4.822600167244673,200,
11.10749994404614,200,
25.875800056383014,200,
16.96760021150112,200,
2.39539984613657,200,
4.425699822604656,200,
4.448499996215105,200,
3.7308000028133392,200,
3.21489991620183,200,
2.9835000168532133,200,
2.961300080642104,200,
2.9984000138938427,200,
3.0744001269340515,200,
3.194000106304884,200,
3.2689999788999557,200,
2.6637001428753138,200,
4.622299922630191,200,
2.031099982559681,200,
3.3198001328855753,200,
22.54440006799996,200,
21.75149996764958,200,
2.811300102621317,200,
3.3978999126702547,200,
3.467199858278036,200,
27.515500085428357,200,
25.050499942153692,200,
1.9172001630067825,200,
15.903100138530135,200,
13.844199944287539,200,
2.1619999315589666,200,
2.658700104802847,200,
2.216000109910965,200,
25.785200065001845,200,
27.582200011238456,200,
16.412500059232116,200,
16.583000076934695,200,
1.846799859777093,200,
3.061699913814664,200,
11.618699878454208,200,
27.170100016519427,200,
16.72569988295436,200,
2.013599965721369,200,
3.583200043067336,200,
12.518999865278602,200,
2.6823999360203743,200,
12.633700156584382,200,
26.36090014129877,200,
2.4945999030023813,200,
4.303599940612912,200,
11.838900158181787,200,
15.780000016093254,200,
25.91619989834726,200,
14.878700021654367,200,
15.602500177919865,200,
1.761299790814519,200,
16.859000083059072,200,
14.835300156846642,200,
2.89639993570745,200,
4.3132000137120485,200,
5.449899937957525,200,
4.716899944469333,200,
2.643299987539649,200,
17.73339998908341,200,
22.254799958318472,200,
4.828799981623888,200,
3.7022000178694725,200,
2.728500170633197,200,
5.904100136831403,200,
3.751999931409955,200,
19.79490020312369,200,
19.77159990929067,200,
2.8689000755548477,200,
4.646399989724159,200,
2.4344001431018114,200,
1.8439001869410276,200,
2.7038000989705324,200,
4.667399916797876,200,
13.790199998766184,200,
3.267299849539995,200,
4.423400154337287,200,
25.372799951583147,200,
27.226699981838465,200,
3.4439999144524336,200,
4.731999943032861,200,
3.3908002078533173,200,
2.61080008931458,200,
2.2529999259859324,200,
3.9615000132471323,200,
24.718400090932846,200,
14.153999974951148,200,
3.0418001115322113,200,
5.248799920082092,200,
3.560400102287531,200,
2.6243000756949186,200,
2.508200006559491,200,
3.3674000296741724,200,
2.970400033518672,200,
3.315399866551161,200,
4.889999981969595,200,
5.281500052660704,200,
2.5400000158697367,200,
2.1935999393463135,200,
2.018400002270937,200,
29.613400110974908,200,
20.371200051158667,200,
2.3777999449521303,200,
2.3400001227855682,200,
2.019000006839633,200,
1.714400015771389,200,
1.7289998941123486,200,
1.769800204783678,200,
13.580300146713853,200,
2.353199990466237,200,
17.05470005981624,200,
13.406699988991022,200,
2.2648999001830816,200,
3.760299878194928,200,
1.715000020340085,200,
26.950899977236986,200,
24.1501999553293,200,
2.548099961131811,200,
3.7513000424951315,200,
2.809199970215559,200,
2.022000029683113,200,
1.7102998681366444,200,
2.5843000039458275,200,
11.963099939748645,200,
1.9791999366134405,200,
1.7262999899685383,200,
1.754299970343709,200,
19.840999972075224,200,
27.660999912768602,200,
17.70949992351234,200,
1.963099930435419,200,
3.446500049903989,200,
11.941100005060434,200,
2.103599952533841,200,
27.702599996700883,200,
15.283099841326475,200,
2.2751998621970415,200,
3.3373001497238874,200,
3.9441001135855913,200,
2.562199952080846,200,
2.2553999442607164,200,
22.403100039809942,200,
24.770099902525544,200,
3.6190999671816826,200,
3.6011000629514456,200,
26.303499937057495,200,
26.449199998751283,200,
3.107900032773614,200,
5.852400092408061,200,
2.1109001245349646,200,
27.31040003709495,200,
23.160399869084358,200,
15.989599982276559,200,
15.953000169247389,200,
1.8507998902350664,200,
1.6012999694794416,200,
16.079199966043234,200,
15.020499937236309,200,
27.43279980495572,200,
2.1863000001758337,200,
12.740700040012598,200,
14.970000134781003,200,
1.994699938222766,200,
2.866599941626191,200,
1.516799908131361,200,
1.5224998351186514,200,
1.5350000467151403,200,
2.0870999433100224,200,
1.834699884057045,200,
12.953199911862612,200,
1.8944998737424612,200,
14.076999854296446,200,
19.34819994494319,200,
1.7713999841362238,200,
3.39409988373518,200,
12.591599952429533,200,
28.020499972626567,200,
17.235900042578578,200,
16.944900155067444,200,
17.111999914050102,200,
2.256600186228752,200,
4.551799967885017,200,
3.3851000480353832,200,
3.2238999847322702,200,
2.5291999336332083,200,
4.382099956274033,200,
2.2198001388460398,200,
3.948099911212921,200,
9.389299899339676,200,
13.664199970662594,200,
2.2891999687999487,200,
14.387200120836496,200,
23.663399973884225,200,
2.670600078999996,200,
12.74350006133318,200,
14.900899957865477,200,
2.3515999782830477,200,
15.5971001368016,200,
13.488100143149495,200,
1.9916999153792858,200,
15.097299823537469,200,
13.694000197574496,200,
2.0308000966906548,200,
3.6423997953534126,200,
12.027400080114603,200,
27.12380001321435,200,
16.675200080499053,200,
15.599299920722842,200,
15.904099913313985,200,
2.3197000846266747,200,
3.023599972948432,200,
13.451699865981936,200,
12.581299990415573,200,
1.8879000563174486,200,
1.9539999775588512,200,
2.063400112092495,200,
2.1528000943362713,200,
13.305699918419123,200,
16.24569995328784,200,
21.90519985742867,200,
3.655799897387624,200,
3.6226999945938587,200,
2.0596999675035477,200,
23.621500004082918,200,
28.325599851086736,200,
3.106100019067526,200,
1.8603000789880753,200,
12.64519989490509,200,
4.28309990093112,200,
25.143499951809645,200,
27.69379992969334,200,
17.489099875092506,200,
2.9899999499320984,200,
3.6067001055926085,200,
3.3758000936359167,200,
3.6146000493317842,200,
2.504300093278289,200,
2.5098000187426805,200,
20.005700178444386,200,
20.288500003516674,200,
1.8972000107169151,200,
13.424700126051903,200,
17.45210005901754,200,
2.3082999978214502,200,
13.217099942266941,200,
15.451599843800068,200,
16.084499889984727,200,
16.300100134685636,200,
2.060200087726116,200,
14.843299984931946,200,
13.375799870118499,200,
2.3032999597489834,200,
13.48989992402494,200,
15.873100142925978,200,
2.1542999893426895,200,
3.298100084066391,200,
2.6356999296694994,200,
1.6729000490158796,200,
23.416800191625953,200,
26.99380018748343,200,
15.925300074741244,200,
16.884300159290433,200,
2.0952001214027405,200,
1.588999992236495,200,
14.653300167992711,200,
27.168000116944313,200,
15.945300227031112,200,
15.305900014936924,200,
15.768000157549977,200,
14.896800043061376,200,
15.044900123029947,200,
2.2612998727709055,200,
15.338600147515535,200,
13.728300109505653,200,
15.081600053235888,200,
15.773900086060166,200,
2.743900055065751,200,
12.454899959266186,200,
15.299800084903836,200,
2.1458000410348177,200,
13.527800096198916,200,
15.910400077700615,200,
1.954499864950776,200,
13.35230004042387,200,
16.085300128906965,200,
15.277700033038855,200,
15.32709994353354,200,
15.9211999271065,200,
15.735399909317493,200,
2.142199780791998,200,
3.3379001542925835,200,
2.765800105407834,200,
2.8762000147253275,200,
3.8125000428408384,200,
3.9270000997930765,200,
20.68569976836443,200,
22.655599983409047,200,
2.155299996957183,200,
15.162699855864048,200,
13.729400001466274,200,
1.5580998733639717,200,
14.206500025466084,200,
16.378400148823857,200,
16.084900125861168,200,
16.300000017508864,200,
1.68859981931746,200,
14.307700097560883,200,
16.02820004336536,200,
2.2290998604148626,200,
16.670299926772714,200,
14.960800064727664,200,
2.081699902191758,200,
2.9944998677819967,200,
1.4597999397665262,200,
28.285899898037314,200,
25.922499829903245,200,
2.3453000467270613,200,
4.260400077328086,200,
3.0672000721096992,200,
2.8826999478042126,200,
2.959999954327941,200,
2.991999965161085,200,
5.50590013153851,200,
6.1061999294906855,200,
3.71859990991652,200,
3.2682998571544886,200,
2.8472000267356634,200,
2.6895999908447266,200,
2.7528998907655478,200,
2.7942999731749296,200,
3.3702999353408813,200,
2.0775001030415297,200,
18.24899995699525,200,
18.63679988309741,200,
2.526000142097473,200,
16.099900007247925,200,
13.482099864631891,200,
14.905099989846349,200,
15.050000045448542,200,
15.48709999769926,200,
15.701700001955032,200,
2.3944000713527203,200,
3.3353001344949007,200,
2.8327000327408314,200,
3.385300049558282,200,
2.0173999946564436,200,
20.516199991106987,200,
25.83619998767972,200,
16.961200162768364,200,
15.98400017246604,200,
2.0367999095469713,200,
2.629899885505438,200,
11.424400145187974,200,
16.632999991998076,200,
27.650200063362718,200,
2.1216999739408493,200,
2.6803999207913876,200,
12.906800024211407,200,
13.971499865874648,200,
15.484499977901578,200,
15.61299990862608,200,
2.365899970754981,200,
14.528899919241667,200,
28.529300121590495,200,
16.9017999432981,200,
2.338399877771735,200,
3.006699960678816,200,
11.872800067067146,200,
2.109300112351775,200,
12.969200033694506,200,
27.120700106024742,200,
2.3363998625427485,200,
13.263399945572019,200,
17.004699911922216,200,
2.3946999572217464,200,
14.589299913495779,200,
17.00740004889667,200,
3.508300054818392,200,
6.405199877917767,200,
5.4645000491291285,200,
3.132499987259507,200,
2.231100108474493,200,
17.938399920240045,200,
20.24600002914667,200,
2.0841998048126698,200,
12.804900063201785,200,
15.526100061833858,200,
14.954600017517805,200,
15.758000081405044,200,
15.067999949678779,200,
16.024900134652853,200,
15.991599997505546,200,
15.74990013614297,200,
1.8972000107169151,200,
3.070099977776408,200,
13.347100000828505,200,
12.30930001474917,200,
2.1681999787688255,200,
3.2995000947266817,200,
2.8265998698771,200,
2.681999932974577,200,
2.651300048455596,200,
2.7779999654740095,200,
3.300200216472149,200,
4.072200041264296,200,
3.916099900379777,200,
3.6917999386787415,200,
2.833800157532096,200,
12.912200065329671,200,
12.370199896395206,200,
1.6566000413149595,200,
3.0078000854700804,200,
15.132299857214093,200,
14.496099902316928,200,
3.042199881747365,200,
3.0712001025676727,200,
2.208600053563714,200,
3.3960998989641666,200,
3.0001001432538033,200,
2.9308998491615057,200,
2.934599993750453,200,
3.2009000424295664,200,
3.716799896210432,200,
3.5687999334186316,200,
1.8531999085098505,200,
12.656599981710315,200,
16.379500040784478,200,
25.908000068739057,200,
2.8723999857902527,200,
3.9070998318493366,200,
11.063599959015846,200,
16.26479998230934,200,
26.241699932143092,200,
16.0844000056386,200,
16.06759987771511,200,
15.938099939376116,200,
16.414300072938204,200,
2.2289000917226076,200,
13.739399844780564,200,
27.250200044363737,200,
16.178200021386147,200,
2.2175998892635107,200,
13.242000015452504,200,
15.556399943307042,200,
15.83270006813109,200,
16.3291001226753,200,
2.2382999304682016,200,
13.666300103068352,200,
16.016599955037236,200,
2.574400044977665,200,
13.154399814084172,200,
1.8984999042004347,200,
14.884599950164557,200,
28.31950015388429,200,
14.434200013056397,200,
15.532500110566616,200,
2.7228998951613903,200,
13.827500166371465,200,
16.156499972566962,200,
28.02299987524748,200,
14.257800066843629,200,
15.02090017311275,200,
15.864700078964233,200,
15.69749996997416,200,
2.339300001040101,200,
15.15789981931448,200,
13.315600110217929,200,
1.8703998066484928,200,
15.033399919047952,200,
13.763000024482608,200,
2.064199885353446,200,
3.846700070425868,200,
13.942499877884984,200,
12.65139994211495,200,
1.9771999213844538,200,
2.947299974039197,200,
1.4540001284331083,200,
12.205500155687332,200,
16.526599880307913,200,
26.40690002590418,200,
1.735899830237031,200,
3.2975999638438225,200,
12.397499987855554,200,
27.26989984512329,200,
16.524099977687,200,
15.611200127750635,200,
16.217099968343973,200,
2.734099980443716,200,
13.55509995482862,200,
2.337799873203039,200,
26.721799978986382,200,
13.58629995957017,200,
3.090699901804328,200,
4.503099946305156,200,
3.3536001574248075,200,
25.224100099876523,200,
23.9979000762105,200,
2.2259000688791275,200,
2.8062998317182064,200,
2.377999946475029,200,
12.445000000298023,200,
16.94809994660318,200,
26.27469995059073,200,
3.255499992519617,200,
13.26759997755289,200,
3.402200061827898,200,
2.3903001565486193,200,
2.210299950093031,200,
2.6034999173134565,200,
2.176599809899926,200,
25.497399969026446,200,
18.155300058424473,200,
16.390000004321337,200,
1.9865999929606915,200,
13.913699891418219,200,
16.448199981823564,200,
2.236400032415986,200,
15.087899984791875,200,
13.3048000279814,200,
1.962800044566393,200,
14.993600081652403,200,
12.8346998244524,200,
2.3138998076319695,200,
12.718500103801489,200,
15.67260012961924,200,
15.61630005016923,200,
15.468099853023887,200,
2.5214001070708036,200,
14.199400087818503,200,
15.972099965438247,200,
27.610399993136525,200,
2.4814000353217125,200,
13.06629995815456,200,
15.794700011610985,200,
2.296899911016226,200,
13.43680010177195,200,
15.624499879777431,200,
1.7283998895436525,200,
13.32079991698265,200,
15.682999975979328,200,
1.9843000918626785,200,
16.479199985042214,200,
14.247799990698695,200,
2.357899909839034,200,
15.398700023069978,200,
13.365899911150336,200,
2.1863000001758337,200,
3.0231999699026346,200,
26.192700024694204,200,
27.72390004247427,200,
2.0743999630212784,200,
15.308300033211708,200,
13.914200011640787,200,
2.1721001248806715,200,
3.137500025331974,200,
13.065899955108762,200,
2.8020001482218504,200,
2.4290999863296747,200,
2.021899912506342,200,
2.592700067907572,200,
27.803100179880857,200,
6.163700018078089,200,
3.4793000668287277,200,
5.106399999931455,200,
2.7344999834895134,200,
2.8504999354481697,200,
4.07000002451241,200,
4.472100175917149,200,
5.440999986603856,200,
5.949599901214242,200,
4.711500136181712,200,
27.80750021338463,200,
26.586699998006225,200,
3.5250000655651093,200,
6.654400145635009,200,
3.369299927726388,200,
2.3167000617831945,200,
2.6289999950677156,200,
10.213400004431605,200,
2.334199845790863,200,
22.089499980211258,200,
3.776799887418747,200,
2.289599971845746,200,
5.459200125187635,200,
4.431199980899692,200,
3.278199816122651,200,
2.1261998917907476,200,
22.871199995279312,200,
27.03759982250631,200,
2.1470000501722097,200,
4.1964000556617975,200,
3.309000050649047,200,
3.072800114750862,200,
2.7097000274807215,200,
2.2009999956935644,200,
2.879899926483631,200,
4.583500092849135,200,
3.7080999463796616,200,
2.2980000358074903,200,
2.1730000153183937,200,
2.289100084453821,200,
2.6276998687535524,200,
2.6342999190092087,200,
2.7258999180048704,200,
2.6356999296694994,200,
2.2078000474721193,200,
2.6535000652074814,200,
3.042900003492832,200,
1.8452000804245472,200,
1.7758999019861221,200,
2.018400002270937,200,
1.949600176885724,200,
1.8431998323649168,200,
18.11720011755824,200,
3.2345000654459,200,
2.7077000122517347,200,
2.2685001604259014,200,
1.5118999872356653,200,
1.5177999157458544,200,
1.4926001895219088,200,
1.816699979826808,200,
12.57600006647408,200,
1.7411999870091677,200,
1.756699988618493,200,
1.5544001944363117,200,
1.787800109013915,200,
1.5576998703181744,200,
1.5072000678628683,200,
20.495799835771322,200,
1.819099998101592,200,
1.5702000819146633,200,
1.4865000266581774,200,
1.4751998241990805,200,
1.496999990195036,200,
1.4780000783503056,200,
1.5954000409692526,200,
20.836299983784556,200,
16.694899881258607,200,
21.321299951523542,200,
1.976700033992529,200,
1.5933997929096222,200,
14.537200098857284,200,
16.781900078058243,200,
27.52100001089275,200,
2.5080000050365925,200,
13.515100115910172,200,
26.712399907410145,200,
15.673500020056963,200,
2.9106000438332558,200,
4.390700021758676,200,
3.271800000220537,200,
25.12950007803738,200,
27.14020013809204,200,
3.977299900725484,200,
4.594799829646945,200,
2.589799929410219,200,
2.1780000533908606,200,
1.7652001697570086,200,
19.141600001603365,200,
26.422200025990605,200,
3.649399848654866,200,
5.065599922090769,200,
3.202600171789527,200,
2.478600014001131,200,
24.914999958127737,200,
21.030399948358536,200,
3.014500020071864,200,
14.791499823331833,200,
15.527099836617708,200,
27.99179987050593,200,
17.073499970138073,200,
16.936799976974726,200,
4.094999982044101,200,
5.864099832251668,200,
3.8964999839663506,200,
2.578600076958537,200,
5.315099842846394,200,
24.82130005955696,200,
15.654399991035461,200,
5.384600022807717,200,
6.9448999129235744,200,
2.2858998272567987,200,
3.8294000551104546,200,
15.488200122490525,200,
24.44469998590648,200,
4.563699942082167,200,
6.935100071132183,200,
4.310700111091137,200,
4.215699853375554,200,
5.345999961718917,200,
7.39759998396039,200,
5.813400028273463,200,
6.198200164362788,200,
5.92779996804893,200,
5.92779996804893,200,
7.393299834802747,200,
6.512099876999855,200,
4.7160000540316105,200,
3.607700113207102,200,
5.715599982067943,200,
5.9454001020640135,200,
3.701699897646904,200,
3.8685998879373074,200,
5.0039999186992645,200,
3.6304001696407795,200,
5.3894000593572855,200,
4.165000049397349,200,
3.4572998993098736,200,
6.497599883005023,200,
5.023299949243665,200,
7.666799938306212,200,
10.034100152552128,200,
5.8549998793751,200,
3.600900061428547,200,
2.9372000135481358,200,
3.099299967288971,200,
4.037899896502495,200,
2.9295000713318586,200,
4.1022999212145805,200,
4.6676998026669025,200,
2.5483001954853535,200,
2.6936999056488276,200,
2.6300998870283365,200,
2.3908999282866716,200,
2.517299959436059,200,
2.9897999484091997,200,
3.1183999963104725,200,
3.8240000139921904,200,
4.426399944350123,200,
3.792600007727742,200,
2.646300010383129,200,
2.9130999464541674,200,
3.272700123488903,200,
2.594300080090761,200,
2.3876000195741653,200,
3.779799910262227,200,
4.240900045260787,200,
4.674199968576431,200,
4.036700120195746,200,
2.6108999736607075,200,
2.7753000613301992,200,
2.7703000232577324,200,
2.70089996047318,200,
2.601000014692545,200,
2.6179999113082886,200,
3.4672999754548073,200,
5.593399982899427,200,
4.374399781227112,200,
1.783600077033043,200,
1.7070998437702656,200,
1.7341000493615866,200,
1.6770001966506243,200,
1.7035999335348606,200,
3.6961999721825123,200,
2.0244999323040247,200,
2.0293002016842365,200,
1.9284000154584646,200,
1.78430019877851,200,
1.645199954509735,200,
1.6520998906344175,200,
26.84659999795258,200,
2.1273999009281397,200,
19.14980006404221,200,
15.50029986537993,200,
29.509600019082427,200,
29.71370005980134,200,
2.7614999562501907,200,
17.272100085392594,200,
15.095900045707822,200,
2.626699861139059,200,
14.514900045469403,200,
2.7985000051558018,200,
12.886699987575412,200,
27.818400179967284,200,
1.8951999954879284,200,
13.967199949547648,200,
15.699000097811222,200,
2.0802998915314674,200,
3.2619000412523746,200,
2.599600004032254,200,
1.644599949941039,200,
11.316800024360418,200,
16.03860012255609,200,
24.440099950879812,200,
2.723800018429756,200,
13.017900055274367,200,
15.625700121745467,200,
1.9585001282393932,200,
3.013000125065446,200,
12.384699890390038,200,
16.619999893009663,200,
28.04209990426898,200,
2.529399935156107,200,
3.6993001122027636,200,
26.1034001596272,200,
27.802800061181188,200,
3.357799956575036,200,
3.312299959361553,200,
27.14229980483651,200,
27.891699923202395,200,
2.2456999868154526,200,
4.030199954286218,200,
1.919599948450923,200,
12.831800151616335,200,
16.127999871969223,200,
26.02470014244318,200,
16.94110012613237,200,
17.162500182166696,200,
4.4599000830203295,200,
6.58740010112524,200,
5.17870020121336,200,
3.3988000359386206,200,
5.864799953997135,200,
7.1841999888420105,200,
2.1997999865561724,200,
2.3700001183897257,200,
12.365400092676282,200,
22.466199938207865,200,
17.125600017607212,200,
2.098199911415577,200,
15.690600033849478,200,
13.402100186794996,200,
2.9331999830901623,200,
4.260199842974544,200,
27.4552998598665,200,
26.14129986613989,200,
2.83290003426373,200,
4.593399818986654,200,
3.0580000020563602,200,
3.1842999160289764,200,
3.2081000972539186,200,
24.608000181615353,200,
23.306099930778146,200,
6.563900038599968,200,
7.894299924373627,200,
4.016699967905879,200,
5.883499979972839,200,
3.937800182029605,200,
4.702500067651272,200,
4.562099929898977,200,
3.270300105214119,200,
4.138299962505698,200,
3.4743999131023884,200,
4.0259999223053455,200,
8.90600006096065,200,
8.473200025036931,200,
1.9445999059826136,200,
25.385000044479966,200,
21.706299856305122,200,
4.631399875506759,200,
6.649099988862872,200,
4.52149985358119,200,
4.661299986764789,200,
3.047300036996603,200,
4.719599848613143,200,
5.906500155106187,200,
4.867899930104613,200,
4.1380999609827995,200,
3.1174998730421066,200,
4.003799986094236,200,
3.4421999007463455,200,
4.110000096261501,200,
6.406300002709031,200,
4.006300121545792,200,
4.023500019684434,200,
5.752400029450655,200,
3.102000104263425,200,
2.97189992852509,200,
3.3189000096172094,200,
3.5848000552505255,200,
1.871699932962656,200,
15.030699782073498,200,
1.9571001175791025,200,
2.5392998941242695,200,
2.023200038820505,200,
2.632899908348918,200,
2.1920001599937677,200,
2.175400033593178,200,
26.77870006300509,200,
3.3233999274671078,200,
3.294300055131316,200,
3.252000082284212,200,
1.8658998887985945,200,
2.0251998212188482,200,
2.4118998553603888,200,
2.162299817427993,200,
2.7128001675009727,200,
1.8976000137627125,200,
1.8458000849932432,200,
2.1638001780956984,200,
1.931099919602275,200,
2.3213999811559916,200,
27.542800176888704,200,
4.399499855935574,200,
3.1250999309122562,200,
2.017199993133545,200,
1.8710000440478325,200,
1.8536001443862915,200,
2.1462999284267426,200,
3.804099978879094,200,
15.10960003361106,200,
3.2939999364316463,200,
3.5041000228375196,200,
2.5031999684870243,200,
3.111699828878045,200,
1.8676999025046825,200,
1.9026000518351793,200,
2.2798001300543547,200,
4.3252999894320965,200,
27.30760001577437,200,
15.828900039196014,200,
2.430599881336093,200,
3.459799801930785,200,
2.7697000186890364,200,
3.056500107049942,200,
3.1566000543534756,200,
2.907400019466877,200,
21.737599978223443,200,
20.841400139033794,200,
3.23119992390275,200,
1.9294999074190855,200,
1.8933999817818403,200,
13.400099938735366,200,
2.3398001212626696,200,
2.3083998821675777,200,
2.195499837398529,200,
2.1627999376505613,200,
2.025800058618188,200,
23.1649000197649,200,
2.8099999763071537,200,
2.304400084540248,200,
19.241099944338202,200,
15.681100077927113,200,
24.65359983034432,200,
2.502900082617998,200,
4.244700074195862,200,
5.222100066021085,200,
3.328000195324421,200,
13.790199998766184,200,
6.151400040835142,200,
5.435799947008491,200,
6.962300045415759,200,
7.497899932786822,200,
10.16229996457696,200,
7.597600109875202,200,
5.939400056377053,200,
8.164100116118789,200,
6.024600006639957,200,
4.469300154596567,200,
4.769300110638142,200,
4.808499943464994,200,
5.939000053331256,200,
9.928499814122915,200,
7.6766000129282475,200,
6.0391000006347895,200,
8.70310002937913,200,
8.623099885880947,200,
4.795499844476581,200,
4.570899996906519,200,
17.215800005942583,200,
8.542699972167611,200,
7.5569001492112875,200,
8.136200020089746,200,
8.809399791061878,200,
6.632300093770027,200,
4.85959998331964,200,
4.084700020030141,200,
2.8594001196324825,200,
4.936499986797571,200,
2.749099861830473,200,
2.5858001317828894,200,
21.146399900317192,200,
2.8099999763071537,200,
2.764199860394001,200,
2.069799927994609,200,
1.9654000643640757,200,
1.9708001054823399,200,
21.56629995442927,200,
3.9170999079942703,200,
3.406000090762973,200,
4.479900002479553,200,
3.725399961695075,200,
4.068200010806322,200,
2.986100036650896,200,
3.8073998875916004,200,
2.0723999477922916,200,
24.095399770885706,200,
13.651200104504824,200,
2.3592000361531973,200,
4.351400071755052,200,
2.651599934324622,200,
22.4524000659585,200,
27.512599946931005,200,
3.3001000992953777,200,
14.777799835428596,200,
27.853300096467137,200,
16.209499910473824,200,
2.9576998203992844,200,
4.132099915295839,200,
3.668599994853139,200,
4.217500099912286,200,
4.762900061905384,200,
4.964599851518869,200,
5.648700054734945,200,
5.992399994283915,200,
2.1699999924749136,200,
12.877699919044971,200,
2.5355000980198383,200,
2.1975000854581594,200,
2.1720000077039003,200,
1.9869001116603613,200,
2.9537000227719545,200,
25.201800046488643,200,
4.891499876976013,200,
2.8802999295294285,200,
4.121799953281879,200,
25.24650003761053,200,
27.107999892905354,200,
3.675400046631694,200,
4.6264000702649355,200,
3.0762001406401396,200,
3.014500020071864,200,
2.032199874520302,200,
2.193999942392111,200,
2.849999815225601,200,
2.7344999834895134,200,
2.2555000614374876,200,
2.2982999216765165,200,
2.134100068360567,200,
2.091399859637022,200,
22.95170002616942,200,
8.36069998331368,200,
6.294499849900603,200,
2.8381000738590956,200,
4.091799957677722,200,
3.9522999431937933,200,
3.917000023648143,200,
5.010700086131692,200,
4.450600128620863,200,
5.794099997729063,200,
6.3680000603199005,200,
3.548200009390712,200,
4.087499808520079,200,
5.73260011151433,200,
7.127899909391999,200,
4.581899847835302,200,
3.7714000791311264,200,
3.3311001025140285,200,
2.9611000791192055,200,
2.195499837398529,200,
2.6189000345766544,200,
3.3398999366909266,200,
23.033699952065945,200,
3.0798001680523157,200,
2.9215000104159117,200,
3.5996001679450274,200,
5.254399962723255,200,
21.037300117313862,200,
3.5535998176783323,200,
4.366900073364377,200,
3.797499928623438,200,
7.236199919134378,200,
5.201099906116724,200,
5.276300013065338,200,
7.059699855744839,200,
3.4476998262107372,200,
3.7368000485002995,200,
7.86300003528595,200,
6.820900132879615,200,
5.132599966600537,200,
5.601299926638603,200,
3.7463000044226646,200,
4.059099825099111,200,
5.8281999081373215,200,
4.546599928289652,200,
4.02649980969727,200,
3.7442001048475504,200,
3.1852000392973423,200,
4.409300163388252,200,
3.800800070166588,200,
3.5268000792711973,200,
5.151699995622039,200,
7.0853999350219965,200,
5.589600186794996,200,
4.2057998944073915,200,
3.9582999888807535,200,
3.911999985575676,200,
4.198600072413683,200,
6.921700201928616,200,
5.564700113609433,200,
4.8692000564187765,200,
5.2016000263392925,200,
3.702899906784296,200,
5.085200071334839,200,
7.898399839177728,200,
7.910700049251318,200,
4.360700026154518,200,
3.469000104814768,200,
3.4666999708861113,200,
5.86130004376173,200,
5.157900042831898,200,
3.1681000255048275,200,
3.7314000073820353,200,
3.1437999568879604,200,
3.547100117430091,200,
3.5541001707315445,200,
3.5427999682724476,200,
4.457300063222647,200,
4.830900114029646,200,
4.8050000332295895,200,
4.3901000171899796,200,
3.8829001132398844,200,
3.254400100558996,200,
4.300399916246533,200,
5.543399835005403,200,
5.082299932837486,200,
3.085500095039606,200,
2.302000066265464,200,
2.2783998865634203,200,
12.310199905186892,200,
4.5460001565515995,200,
3.567500039935112,200,
2.773299813270569,200,
3.136900020763278,200,
2.4430998601019382,200,
2.151399850845337,200,
12.996200006455183,200,
3.720700042322278,200,
2.4756998755037785,200,
3.8779000751674175,200,
2.0230000372976065,200,
2.626000205054879,200,
2.4896999821066856,200,
2.217500004917383,200,
27.96860015951097,200,
17.460300121456385,200,
2.6183000300079584,200,
4.006700124591589,200,
3.4483999479562044,200,
3.401000052690506,200,
2.4608999956399202,200,
2.825699979439378,200,
2.9981001280248165,200,
2.2426999639719725,200,
2.1884001325815916,200,
2.0924999844282866,200,
2.1353999618440866,200,
24.214199976995587,200,
5.20599982701242,200,
2.6513999328017235,200,
2.1147001534700394,200,
2.7130001690238714,200,
2.014799974858761,200,
2.067399909719825,200,
15.57279983535409,200,
5.49629982560873,200,
14.23530001193285,200,
2.138199983164668,200,
2.1047000773251057,200,
2.1259000059217215,200,
1.9205000717192888,200,
1.83119997382164,200,
1.8976000137627125,200,
26.67910000309348,200,
2.680900041013956,200,
2.3175000678747892,200,
2.055699937045574,200,
2.097599906846881,200,
1.9888000097125769,200,
1.8793998751789331,200,
17.637399956583977,200,
3.656500019133091,200,
2.764600096270442,200,
2.320700092241168,200,
1.999399857595563,200,
1.9672999624162912,200,
2.055699937045574,200,
14.805600047111511,200,
4.415999865159392,200,
4.816599888727069,200,
2.3078001104295254,200,
12.416200013831258,200,
5.215799901634455,200,
5.864700069651008,200,
23.60920002683997,200,
4.2212000116705894,200,
2.5859999004751444,200,
2.376900054514408,200,
2.733600093051791,200,
2.2851000539958477,200,
14.54810006543994,200,
2.087000058963895,200,
1.860500080510974,200,
1.788400113582611,200,
2.2396999411284924,200,
2.9935999773442745,200,
2.1391999907791615,200,
19.59099993109703,200,
3.8652000948786736,200,
2.782299881801009,200,
2.0216999109834433,200,
1.88770005479455,200,
1.9546998664736748,200,
13.043400133028626,200,
22.674200125038624,200,
16.961000161245465,200,
2.3401998914778233,200,
4.356299992650747,200,
3.610100131481886,200,
2.3931001778692007,200,
4.521199967712164,200,
2.7838998939841986,200,
4.72299987450242,200,
4.347100155428052,200,
4.138400079682469,200,
3.7293999921530485,200,
3.447700059041381,200,
2.6142001152038574,200,
4.671799950301647,200,
2.108400221914053,200,
2.53800000064075,200,
4.756599897518754,200,
2.053700154647231,200,
1.8487002234905958,200,
1.8595000728964806,200,
1.7450000159442425,200,
20.58400004170835,200,
17.054400173947215,200,
21.039400016888976,200,
2.711300039663911,200,
13.137100031599402,200,
16.246699960902333,200,
27.23889984190464,200,
3.0331998132169247,200,
3.4033998381346464,200,
6.627200171351433,200,
23.552700178697705,200,
24.430599994957447,200,
2.2769998759031296,200,
13.417100068181753,200,
16.437700018286705,200,
2.3788001853972673,200,
13.984299963340163,200,
16.256700037047267,200,
28.04290014319122,200,
2.844899892807007,200,
13.824000023305416,200,
16.163799911737442,200,
27.826499892398715,200,
2.4581998586654663,200,
2.420899923890829,200,
4.974100040271878,200,
25.41809994727373,200,
25.347799994051456,200,
2.5106999091804028,200,
13.501099776476622,200,
15.427300008013844,200,
26.79309993982315,200,
15.478699933737516,200,
15.68989991210401,200,
2.979899989441037,200,
2.1796999499201775,200,
14.984600013121963,200,
24.938599904999137,200,
15.218599932268262,200,
15.716899884864688,200,
16.52750000357628,200,
16.1657000426203,200,
16.787499887868762,200,
1.8267999403178692,200,
3.321399912238121,200,
25.288499891757965,200,
26.98579989373684,200,
15.599200036376715,200,
15.595000004395843,200,
14.676199993118644,200,
15.682899858802557,200,
2.2419998422265053,200,
16.548699932172894,200,
15.156999928876758,200,
1.9395998679101467,200,
13.828699942678213,200,
28.884700033813715,200,
16.80620014667511,200,
10.827000020071864,200,
12.838399969041348,200,
4.216399975121021,200,
3.571900073438883,200,
2.869900083169341,200,
27.53760013729334,200,
27.011499973013997,200,
3.3168999943882227,200,
2.1295000333338976,200,
13.641000026836991,200,
24.851999944075942,200,
16.290999948978424,200,
2.590800169855356,200,
3.9295998867601156,200,
12.323499890044332,200,
27.121199993416667,200,
16.562100034207106,200,
2.9540001414716244,200,
5.073900101706386,200,
3.5894999746233225,200,
4.040200030431151,200,
3.7139998748898506,200,
3.821199992671609,200,
4.063399974256754,200,
2.615600125864148,200,
2.5557000190019608,200,
2.699200063943863,200,
20.224699983373284,200,
2.020300133153796,200,
1.9148997962474823,200,
21.28169988282025,200,
27.73420000448823,200,
16.24999986961484,200,
3.9689999539405107,200,
14.130499912425876,200,
2.5490999687463045,200,
13.361999997869134,200,
26.610299944877625,200,
15.241899993270636,200,
15.758400084450841,200,
14.89019999280572,200,
15.435799956321716,200,
14.839199837297201,200,
14.95700003579259,200,
2.803599927574396,200,
15.193999977782369,200,
13.056199997663498,200,
15.123400138691068,200,
15.862900065258145,200,
2.2858998272567987,200,
13.336400035768747,200,
16.24320005066693,200,
2.2046000231057405,200,
4.072800045832992,200,
3.5686001647263765,200,
3.364300122484565,200,
23.64980010315776,200,
22.57319982163608,200,
2.2860998287796974,200,
13.426199788227677,200,
16.486600041389465,200,
2.4874000810086727,200,
15.135199995711446,200,
13.175199972465634,200,
2.4028001353144646,200,
3.878599964082241,200,
3.2557998783886433,200,
3.0334999319165945,200,
2.924099797382951,200,
3.215499920770526,200,
3.15440003760159,200,
19.411599962040782,200,
21.142200101166964,200,
2.0778998732566833,200,
3.37049993686378,200,
11.720099952071905,200,
26.902399957180023,200,
16.914699925109744,200,
2.343100029975176,200,
3.112900070846081,200,
13.504300033673644,200,
12.800800148397684,200,
2.1987000945955515,200,
3.581699915230274,200,
12.03670003451407,200,
2.0147000905126333,200,
27.818400179967284,200,
14.988200040534139,200,
2.678600139915943,200,
2.3940999526530504,200,
13.602099847048521,200,
15.684700105339289,200,
24.610700085759163,200,
15.269599854946136,200,
15.840600011870265,200,
2.902100095525384,200,
3.5017000045627356,200,
2.9073001351207495,200,
11.390600120648742,200,
16.47990010678768,200,
25.447600055485964,200,
15.108600025996566,200,
15.204499941319227,200,
1.8826001323759556,200,
1.5156001318246126,200,
1.5589999966323376,200,
15.112399822100997,200,
17.574000172317028,200,
28.228499926626682,200,
3.13479988835752,200,
12.82029994763434,200,
16.026100143790245,200,
2.185499994084239,200,
14.991800067946315,200,
12.85300008021295,200,
15.928500099107623,200,
16.474399948492646,200,
1.7464000266045332,200,
3.090800018981099,200,
12.529900064691901,200,
27.716699987649918,200,
16.5627000387758,200,
2.4860999546945095,200,
14.166600070893764,200,
28.056700015440583,200,
17.047399887815118,200,
2.7497000992298126,200,
13.540300074964762,200,
27.363500092178583,200,
16.631799982860684,200,
15.719200018793344,200,
15.533099882304668,200,
1.7733999993652105,200,
2.151499968022108,200,
14.69610002823174,200,
1.6338999848812819,200,
14.28120001219213,200,
27.078900020569563,200,
15.003599924966693,200,
15.588699840009212,200,
15.72869997471571,200,
15.58510004542768,200,
1.9439999014139175,200,
14.322000090032816,200,
16.71550003811717,200,
2.072300063446164,200,
3.2966001890599728,200,
11.270100018009543,200,
26.964700082316995,200,
16.819499898701906,200,
2.1123001351952553,200,
16.045500058680773,200,
14.185299864038825,200,
2.108700107783079,200,
15.437299851328135,200,
13.581800041720271,200,
15.164799988269806,200,
16.024800017476082,200,
2.2638000082224607,200,
2.7485000900924206,200,
13.581799808889627,200,
12.908200034871697,200,
2.650100039318204,200,
15.337400138378143,200,
13.243200024589896,200,
15.366800129413605,200,
15.233400044962764,200,
2.706199884414673,200,
15.285999979823828,200,
13.073800131678581,200,
2.3175000678747892,200,
2.574400044977665,200,
15.138100134208798,200,
15.577799873426557,200,
25.770400185137987,200,
1.5975998248904943,200,
2.2336000110954046,200,
15.024199848994613,200,
17.140300013124943,200,
28.172000078484416,200,
2.117900177836418,200,
14.546700054779649,200,
12.776299845427275,200,
1.6499999910593033,200,
2.9201998841017485,200,
12.278800131753087,200,
28.281799983233213,200,
17.199299996718764,200,
2.2497999016195536,200,
15.683699864894152,200,
13.379399897530675,200,
2.3120001424103975,200,
14.914500061422586,200,
13.080799952149391,200,
15.49139991402626,200,
16.178800025954843,200,
1.739799976348877,200,
15.610900009050965,200,
14.438000041991472,200,
16.166700050234795,200,
16.22309978120029,200,
14.529000036418438,200,
15.098300063982606,200,
2.552799880504608,200,
4.078999860212207,200,
2.582599874585867,200,
1.8283999525010586,200,
22.0361000392586,200,
25.141000049188733,200,
2.50840000808239,200,
4.1056000627577305,200,
13.733600033447146,200,
12.653099838644266,200,
15.05650021135807,200,
15.562999993562698,200,
1.938600093126297,200,
3.9238000754266977,200,
13.951699947938323,200,
27.77229994535446,200,
16.238499898463488,200,
2.387300133705139,200,
2.162899821996689,200,
2.3987998720258474,200,
13.794499915093184,200,
22.663299925625324,200,
16.14359999075532,200,
2.169199986383319,200,
14.249099884182215,200,
1.9508998375386,200,
27.414500014856458,200,
13.169300043955445,200,
2.305899979546666,200,
3.240099875256419,200,
2.149599837139249,200,
12.733400100842118,200,
26.536199962720275,200,
17.389200162142515,200,
4.011699929833412,200,
4.188299877569079,200,
2.1695999894291162,200,
3.2613000366836786,200,
24.898000061511993,200,
24.29979993030429,200,
3.051800187677145,200,
11.888100067153573,200,
2.4301998782902956,200,
25.964700151234865,200,
14.05579992569983,200,
2.821100177243352,200,
15.555999940261245,200,
12.552199885249138,200,
14.875399880111217,200,
14.957699924707413,200,
2.2593000903725624,200,
16.00160007365048,200,
14.204200124368072,200,
14.91710008122027,200,
15.539599815383554,200,
1.8931000959128141,200,
3.3160001039505005,200,
11.816600104793906,200,
16.661700094118714,200,
27.669799979776144,200,
2.2146999835968018,200,
14.00450011715293,200,
16.212099930271506,200,
2.6718000881373882,200,
13.320700032636523,200,
16.22779993340373,200,
1.9867001101374626,200,
15.644700033590198,200,
13.42070009559393,200,
2.8333000373095274,200,
2.9165998566895723,200,
13.506900053471327,200,
13.929399894550443,200,
2.218900015577674,200,
3.2510000746697187,200,
1.8039001151919365,200,
11.159999994561076,200,
24.49130010791123,200,
16.66759978979826,200,
3.011999884620309,200,
4.698400152847171,200,
2.5488000828772783,200,
2.5828001089394093,200,
2.717799972742796,200,
2.6809999253600836,200,
2.6717998553067446,200,
2.732199849560857,200,
4.339099861681461,200,
9.983500000089407,200,
8.78269993700087,200,
2.9539999086409807,200,
2.746900077909231,200,
3.2468000426888466,200,
4.111299989745021,200,
4.157999996095896,200,
3.5321000032126904,200,
3.166200127452612,200,
2.9860001523047686,200,
2.9653001111000776,200,
2.9903999529778957,200,
3.140899818390608,200,
2.966600004583597,200,
2.783099887892604,200,
5.059899995103478,200,
5.208600079640746,200,
2.9349999967962503,200,
2.490099985152483,200,
4.048899980261922,200,
1.989099895581603,200,
20.42519999668002,200,
23.11409986577928,200,
2.4747999850660563,200,
15.360699966549873,200,
13.462700182572007,200,
15.59649989940226,200,
16.03880012407899,200,
1.5796998050063848,200,
14.166699955239892,200,
16.17869990877807,200,
2.154399873688817,200,
3.31729999743402,200,
11.777899926528335,200,
13.148800004273653,200,
2.237499924376607,200,
12.780799996107817,200,
15.811699908226728,200,
15.95839997753501,200,
15.802300069481134,200,
1.601699972525239,200,
3.220700193196535,200,
2.6511000469326973,200,
26.922300225123763,200,
28.557899873703718,200,
16.089099925011396,200,
15.913099981844425,200,
2.158799907192588,200,
13.65719991736114,200,
28.514500008895993,200,
17.00450014322996,200,
2.9951001051813364,200,
1.9187000580132008,200,
1.7613000236451626,200,
12.988900067284703,200,
3.280899953097105,200,
3.100000089034438,200,
20.86389996111393,200,
15.491999918594956,200,
23.838899796828628,200,
1.9069998525083065,200,
4.337499849498272,200,
3.2979000825434923,200,
2.459099981933832,200,
21.6584000736475,200,
3.5684998147189617,200,
32.004799926653504,200,
5.776099860668182,200,
21.249700104817748,200,
23.67859985679388,200,
2.223599934950471,200,
12.835400179028511,200,
15.728499973192811,200,
1.948599936440587,200,
3.196300007402897,200,
12.95199990272522,200,
16.09449996612966,200,
27.889000019058585,200,
2.078799996525049,200,
3.564199898391962,200,
2.2080999333411455,200,
1.9326999317854643,200,
26.241800049319863,200,
24.855999974533916,200,
15.842200024053454,200,
16.488299937918782,200,
15.491500031203032,200,
16.2561999168247,200,
2.4676998145878315,200,
13.67250015027821,200,
17.436299938708544,200,
3.2451001461595297,200,
1.9117000047117472,200,
12.977199861779809,200,
24.949099868535995,200,
16.708599869161844,200,
2.144400030374527,200,
15.130400191992521,200,
13.578299898654222,200,
2.1733001340180635,200,
2.3089000023901463,200,
13.948499923571944,200,
24.918499868363142,200,
16.051199985668063,200,
1.9908000249415636,200,
16.202399972826242,200,
14.216500101611018,200,
2.020499901846051,200,
15.54189994931221,200,
14.274700079113245,200,
2.3007001727819443,200,
13.00290017388761,200,
16.12440007738769,200,
1.8729001749306917,200,
3.2987999729812145,200,
2.822499955072999,200,
2.8612997848540545,200,
24.40670016221702,200,
25.983599945902824,200,
3.172200173139572,200,
3.045799909159541,200,
13.193499995395541,200,
13.296499848365784,200,
15.906800050288439,200,
15.892600174993277,200,
14.927699929103255,200,
15.216799918562174,200,
15.43420017696917,200,
16.289799939841032,200,
3.296799957752228,200,
14.158299891278148,200,
1.994200050830841,200,
13.393200002610683,200,
27.058799983933568,200,
2.3014999460428953,200,
12.98820017836988,200,
15.459799906238914,200,
15.087200095877051,200,
15.866499859839678,200,
14.694300014525652,200,
15.345300082117319,200,
14.732100069522858,200,
15.300899976864457,200,
2.6670999359339476,200,
4.001900088042021,200,
3.0314000323414803,200,
3.093099920079112,200,
4.953100113198161,200,
2.368899993598461,200,
3.484899876639247,200,
17.559499945491552,200,
18.799100071191788,200,
2.3382999934256077,200,
15.814400045201182,200,
14.225600054487586,200,
1.6783000901341438,200,
14.497400028631091,200,
15.980799915269017,200,
15.371800167486072,200,
15.374199952930212,200,
2.0071000326424837,200,
14.359000138938427,200,
12.804800178855658,200,
16.07390004210174,200,
16.00140007212758,200,
2.372200135141611,200,
16.17190008983016,200,
13.82530014961958,200,
2.298699924722314,200,
14.226699946448207,200,
8.144499966874719,200,
26.08349989168346,200,
1.4500000979751348,200,
1.768199959769845,200,
1.9983001984655857,200,
21.756300004199147,200,
16.14179997704923,200,
27.23889984190464,200,
2.660099882632494,200,
13.022799976170063,200,
15.743100084364414,200,
15.097500057891011,200,
15.671300003305078,200,
15.519100008532405,200,
15.510200057178736,200,
14.802900142967701,200,
14.99229995533824,200,
14.695500023663044,200,
15.51669999025762,200,
16.326300101354718,200,
16.16920018568635,200,
14.437400037422776,200,
15.08249994367361,200,
2.2310998756438494,200,
2.9292001854628325,200,
1.4787998516112566,200,
12.391800060868263,200,
26.46300010383129,200,
16.95409999229014,200,
15.280000166967511,200,
16.01459993980825,200,
1.9548002164810896,200,
3.8551001343876123,200,
12.019300134852529,200,
2.184899989515543,200,
26.654799934476614,200,
14.06780001707375,200,
2.296099904924631,200,
3.92800010740757,200,
12.201499892398715,200,
27.132899966090918,200,
16.7306000366807,200,
14.529900159686804,200,
15.354700153693557,200,
15.767400152981281,200,
15.781700145453215,200,
15.305900014936924,200,
16.14780002273619,200,
1.994800055399537,200,
1.6826000064611435,200,
1.9160001538693905,200,
2.995199989527464,200,
14.187199994921684,200,
15.972200082615018,200,
22.051099920645356,200,
2.662300132215023,200,
3.2514999620616436,200,
3.27709992416203,200,
3.114700084552169,200,
4.722599871456623,200,
6.376300007104874,200,
3.2510000746697187,200,
17.379100201651454,200,
23.15539983101189,200,
2.074400195851922,200,
28.072899905964732,200,
25.73110000230372,200,
6.723499856889248,200,
1.5652000438421965,200,
1.848599873483181,200,
1.4484000857919455,200,
1.695800106972456,200,
14.46039997972548,200,
3.9488000329583883,200,
3.1415000557899475,200,
1.6089000273495913,200,
12.719199992716312,200,
2.3819999769330025,200,
26.04050002992153,200,
13.122200034558773,200,
2.3835001047700644,200,
4.198799841105938,200,
1.9714999943971634,200,
1.469200011342764,200,
1.445600064471364,200,
27.020500041544437,200,
20.703099900856614,200,
15.14530018903315,200,
15.228400006890297,200,
1.9796001724898815,200,
15.962900128215551,200,
14.436900150030851,200,
15.855700010433793,200,
16.08470012433827,200,
1.9499000627547503,200,
16.718799946829677,200,
14.47639986872673,200,
15.15819993801415,200,
15.164499869570136,200,
1.8800999969244003,200,
2.784899901598692,200,
1.4100000262260437,200,
1.4611000660806894,200,
13.133300002664328,200,
1.6451000701636076,200,
25.17499984242022,200,
14.562899945303798,200,
2.598100109025836,200,
14.01620008982718,200,
1.5654000453650951,200,
1.6064001247286797,200,
1.5713002067059278,200,
26.491299970075488,200,
16.61149994470179,200,
27.422399958595634,200,
2.2962000221014023,200,
13.656000141054392,200,
16.00000006146729,200,
2.6209999341517687,200,
3.7660999223589897,200,
3.091000020503998,200,
2.002800116315484,200,
21.882499800994992,200,
25.97140008583665,200,
3.2025999389588833,200,
7.182599976658821,200,
3.907900070771575,200,
2.9555000364780426,200,
5.339900031685829,200,
4.4738000724464655,200,
3.485199995338917,200,
2.922399900853634,200,
2.4999999441206455,200,
13.517700135707855,200,
1.7903000116348267,200,
14.971100026741624,200,
26.137599954381585,200,
1.8745001871138811,200,
3.886899910867214,200,
2.2981001529842615,200,
2.5907999370247126,200,
3.5319000016897917,200,
3.0358999501913786,200,
1.7770000267773867,200,
23.75310007482767,200,
20.624500000849366,200,
1.991200027987361,200,
12.685900088399649,200,
15.414300141856074,200,
14.661600114777684,200,
14.511100016534328,200,
2.2419998422265053,200,
3.4958000760525465,200,
12.367999879643321,200,
16.790700145065784,200,
28.338200179859996,200,
2.2412999533116817,200,
13.659100048244,200,
15.985199948772788,200,
3.2793001737445593,200,
3.2565000001341105,200,
1.9921998027712107,200,
3.4764001611620188,200,
2.7013998478651047,200,
3.028600011020899,200,
2.0861998200416565,200,
4.6218999195843935,200,
2.4437999818474054,200,
2.2244001738727093,200,
1.9953001756221056,200,
22.435199934989214,200,
22.507699904963374,200,
15.65630012191832,200,
15.33480011858046,200,
15.355799812823534,200,
2.9452000744640827,200,
4.426799947395921,200,
2.702699974179268,200,
2.6184001471847296,200,
25.995200034230947,200,
19.793699961155653,200,
2.1547998767346144,200,
2.5396000128239393,200,
2.868700074031949,200,
2.3127999156713486,200,
15.70350001566112,200,
19.95099987834692,200,
16.419399995356798,200,
15.465300064533949,200,
16.570599982514977,200,
15.016600023955107,200,
15.585600165650249,200,
2.221000147983432,200,
12.876000022515655,200,
15.618199948221445,200,
2.0437000785022974,200,
3.466299967840314,200,
12.132299831137061,200,
27.55520003847778,200,
16.786500113084912,200,
2.258000196889043,200,
3.4012000542134047,200,
2.3348999675363302,200,
1.491200178861618,200,
1.4475001953542233,200,
1.5944999177008867,200,
2.252300037071109,200,
4.672899842262268,200,
26.14580001682043,200,
13.830499956384301,200,
14.13399982266128,200,
13.79949995316565,200,
2.3637001868337393,200,
15.650399960577488,200,
13.46299983561039,200,
2.7954999823123217,200,
15.318699879571795,200,
15.977400122210383,200,
28.601299971342087,200,
2.113400027155876,200,
15.234399819746614,200,
13.757799984887242,200,
1.6491999849677086,200,
12.684499844908714,200,
15.001900028437376,200,
15.11369994841516,200,
15.707699814811349,200,
2.0278000738471746,200,
14.098099898546934,200,
16.192900016903877,200,
15.428199898451567,200,
15.464399941265583,200,
1.8280998338013887,200,
16.64580008946359,200,
15.08249994367361,200,
2.167399972677231,200,
13.051500078290701,200,
15.06510004401207,200,
2.054200042039156,200,
15.237400075420737,200,
13.7920998968184,200,
2.492999890819192,200,
13.994799926877022,200,
16.551499953493476,200,
2.523000119253993,200,
13.442000141367316,200,
2.4750002194195986,200,
29.144500149413943,200,
15.767500037327409,200,
7.573400158435106,200,
12.437300058081746,200,
2.257100073620677,200,
21.229499951004982,200,
14.10360005684197,200,
2.633200027048588,200,
3.6151998210698366,200,
12.456799857318401,200,
1.697000116109848,200,
14.302199939265847,200,
27.327300049364567,200,
1.8783998675644398,200,
4.906699992716312,200,
1.9253999926149845,200,
2.042399952188134,200,
11.553300078958273,200,
20.516699878498912,200,
16.219899989664555,200,
2.1446000318974257,200,
16.191799892112613,200,
14.529000036418438,200,
15.162199968472123,200,
15.446300152689219,200,
15.828299801796675,200,
15.53289988078177,200,
15.95839997753501,200,
16.412099823355675,200,
15.94250020571053,200,
16.482899896800518,200,
2.482400042936206,200,
13.472800143063068,200,
16.29650010727346,200,
28.156100073829293,200,
3.8176998496055603,200,
3.4361998550593853,200,
2.2192001342773438,200,
3.8982999976724386,200,
2.97949998639524,200,
2.7420998085290194,200,
1.5114000998437405,200,
10.348200099542737,200,
19.919400103390217,200,
2.1341999527066946,200,
24.03319999575615,200,
15.331599861383438,200,
2.5309999473392963,200,
11.98350009508431,200,
15.209699980914593,200,
1.993600046262145,200,
1.8329001031816006,200,
14.98199999332428,200,
27.949899900704622,200,
17.58380001410842,200,
1.6632000915706158,200,
2.154300222173333,200,
15.171100152656436,200,
27.25860010832548,200,
16.52569998987019,200,
2.208100166171789,200,
3.452999982982874,200,
3.939199959859252,200,
4.7126999124884605,200,
3.8091999012976885,200,
3.162899985909462,200,
2.8800000436604023,200,
2.9174000956118107,200,
2.8414002154022455,200,
1.6648999880999327,200,
16.86069997958839,200,
14.18240019120276,200,
2.037700032815337,200,
13.578400015830994,200,
15.60079981572926,200,
2.3930000606924295,200,
13.328799977898598,200,
16.227500047534704,200,
1.9390999805182219,200,
3.5037000197917223,200,
12.193999951705337,200,
1.49639998562634,200,
1.416000071913004,200,
13.413800159469247,200,
27.866299962624907,200,
16.24819985590875,200,
16.12900011241436,200,
15.348199987784028,200,
16.11730013974011,200,
1.9622999243438244,200,
13.409399893134832,200,
15.41190012358129,200,
1.9754001405090094,200,
15.258499886840582,200,
13.177599990740418,200,
2.2692999336868525,200,
13.172599952667952,200,
15.99809993058443,200,
2.4319998919963837,200,
4.344400018453598,200,
2.984300022944808,200,
1.8694999162107706,200,
3.5148998722434044,200,
1.5320000238716602,200,
1.4730000402778387,200,
19.103000173345208,200,
22.100599948316813,200,
2.8431001119315624,200,
15.874600037932396,200,
12.992499861866236,200,
15.214799903333187,200,
15.580400126054883,200,
1.7174000386148691,200,
15.407799975946546,200,
13.849499868229032,200,
1.6302000731229782,200,
3.2879000063985586,200,
1.9493999425321817,200,
12.665600050240755,200,
25.28789988718927,200,
16.247199848294258,200,
1.6314999666064978,200,
3.354900050908327,200,
12.990999966859818,200,
14.624600065872073,200,
1.9019001629203558,200,
3.777399891987443,200,
12.29170011356473,200,
27.310200035572052,200,
16.98929979465902,200,
1.9694000948220491,200,
13.260100036859512,200,
16.002700198441744,200,
15.956900082528591,200,
16.553200082853436,200,
2.540100133046508,200,
15.184800140559673,200,
13.314800104126334,200,
2.3215999826788902,200,
13.686600141227245,200,
15.801799949258566,200,
2.325700130313635,200,
3.8590000476688147,200,
2.6775000151246786,200,
1.6852000262588263,200,
1.5628000255674124,200,
1.671099802479148,200,
1.9463000353425741,200,
8.720500161871314,200,
26.09440009109676,200,
26.517899939790368,200,
18.230499932542443,200,
2.692299894988537,200,
3.1697999220341444,200,
2.249399898573756,200,
1.542000100016594,200,
25.70150000974536,200,
23.07879994623363,200,
3.2914001494646072,200,
4.441600060090423,200,
12.11660006083548,200,
15.859700040891767,200,
27.100499952211976,200,
2.2617001086473465,200,
2.134499838575721,200,
13.76590016297996,200,
1.9160001538693905,200,
25.727800093591213,200,
14.21299995854497,200,
2.432700013741851,200,
3.4444001503288746,200,
1.8231000285595655,200,
2.274999860674143,200,
11.151199927553535,200,
16.657699830830097,200,
22.68759999424219,200,
2.143200021237135,200,
2.6555999647825956,200,
1.6871001571416855,200,
1.7361000645905733,200,
2.0004999823868275,200,
2.1481001749634743,200,
12.365699978545308,200,
1.9302000291645527,200,
1.9026999361813068,200,
1.6326000913977623,200,
19.648399902507663,200,
16.625399934127927,200,
27.02559996396303,200,
2.469500061124563,200,
1.6693000216037035,200,
1.8841999117285013,200,
1.9330999348312616,200,
1.9706999883055687,200,
13.987799873575568,200,
2.0488000009208918,200,
21.370999980717897,200,
15.43090003542602,200,
2.4278999771922827,200,
13.869900023564696,200,
17.021599924191833,200,
3.045399906113744,200,
4.707900108769536,200,
4.0698000229895115,200,
3.9874000940471888,200,
3.90110001899302,200,
3.3832998014986515,200,
4.0253999177366495,200,
19.485299941152334,200,
14.142900006845593,200,
3.0920999124646187,200,
14.27090005017817,200,
15.57940011844039,200,
26.722599985077977,200,
3.552400041371584,200,
3.6359999794512987,200,
2.9625999741256237,200,
1.8106999341398478,200,
1.7049999441951513,200,
1.6036999877542257,200,
1.9509999547153711,200,
26.798499980941415,200,
17.056000186130404,200,
2.0332999993115664,200,
4.481100011616945,200,
2.8089999686926603,200,
3.4223999828100204,200,
4.462199984118342,200,
2.0308999810367823,200,
2.836399944499135,200,
21.73479995690286,200,
15.474899904802442,200,
2.262699883431196,200,
3.054599976167083,200,
11.912300018593669,200,
13.593900017440319,200,
15.159999951720238,200,
15.739599941298366,200,
15.080900164321065,200,
15.068299835547805,200,
16.336100175976753,200,
16.450900118798018,200,
2.363600069656968,200,
4.156200215220451,200,
27.668500086292624,200,
26.474399957805872,200,
3.4002000465989113,200,
14.478999888524413,200,
2.1937000565230846,200,
26.97100001387298,200,
14.290000079199672,200,
2.3494998458772898,200,
3.6782000679522753,200,
11.594800045713782,200,
26.936599984765053,200,
16.486600041389465,200,
15.689499909058213,200,
16.11720002256334,200,
1.840400043874979,200,
1.5684999525547028,200,
15.062599908560514,200,
26.823499938473105,200,
15.399899799376726,200,
1.8924998585134745,200,
13.508800184354186,200,
16.00429997779429,200,
2.1456999238580465,200,
1.5960000455379486,200,
14.263699995353818,200,
26.279499987140298,200,
16.17459999397397,200,
16.105599934235215,200,
16.108199954032898,200,
14.465499902144074,200,
14.861200004816055,200,
2.457000082358718,200,
16.25660015270114,200,
14.232999878004193,200,
2.7396001387387514,200,
13.385399943217635,200,
15.481499955058098,200,
26.8435999751091,200,
2.5054998695850372,200,
12.47960003092885,200,
15.603299951180816,200,
1.788900000974536,200,
13.210400007665157,200,
15.761199872940779,200,
15.63260005787015,200,
15.472800005227327,200,
1.8176001030951738,200,
15.765300020575523,200,
13.926200103014708,200,
14.85739997588098,200,
15.558100072667003,200,
1.929400023072958,200,
2.48149991966784,200,
14.029599959030747,200,
13.563200132921338,200,
1.6596000641584396,200,
3.4142001532018185,200,
13.107700040563941,200,
11.988400015980005,200,
14.972599921748042,200,
15.316599979996681,200,
15.048099914565682,200,
15.657200012356043,200,
15.59669990092516,200,
16.5671999566257,200,
14.742600033059716,200,
15.539800049737096,200,
2.7318999636918306,200,
4.023700021207333,200,
2.8794000390917063,200,
2.7846000157296658,200,
2.7879001572728157,200,
2.714900067076087,200,
2.6689001824706793,200,
2.596499864012003,200,
4.287200048565865,200,
5.516899982467294,200,
4.241799935698509,200,
3.0840998515486717,200,
2.7334000915288925,200,
2.5967000983655453,200,
2.590299816802144,200,
2.4356001522392035,200,
19.34530003927648,200,
20.659999921917915,200,
2.847100142389536,200,
4.551599966362119,200,
11.502600042149425,200,
17.115200171247125,200,
27.414900017902255,200,
15.049700159579515,200,
15.465899836272001,200,
2.3248998913913965,200,
15.284899855032563,200,
13.428800040856004,200,
2.0192000083625317,200,
3.3513999078422785,200,
2.399799879640341,200,
12.325000017881393,200,
25.142099941149354,200,
16.849499894306064,200,
2.322399988770485,200,
4.716499941423535,200,
4.879500018432736,200,
3.550600027665496,200,
2.0808998961001635,200,
2.052400028333068,200,
4.444600082933903,200,
12.75090011768043,200,
21.32040006108582,200,
16.263300087302923,200,
16.07710006646812,200,
2.044999971985817,200,
13.690700056031346,200,
15.790299978107214,200,
5.512800067663193,200,
13.911199988797307,200,
25.731399888172746,200,
17.3957000952214,200,
2.7316000778228045,200,
13.911300105974078,200,
17.176700057461858,200,
29.028199845924973,200,
2.5199998635798693,200,
3.153200028464198,200,
3.10120009817183,200,
2.864699810743332,200,
24.826500099152327,200,
24.31399980559945,200,
15.145499957725406,200,
15.29320003464818,200,
1.8223999068140984,200,
14.689399860799313,200,
13.350999914109707,200,
15.87969996035099,200,
16.150800045579672,200,
1.942100003361702,200,
13.494400074705482,200,
15.22479997947812,200,
15.374000184237957,200,
15.74970013462007,200,
2.119600074365735,200,
12.51789997331798,200,
16.019900096580386,200,
2.8287998866289854,200,
12.641899986192584,200,
14.57569980993867,200,
1.8887999467551708,200,
16.496900003403425,200,
14.627099968492985,200,
2.1199998445808887,200,
4.057300044223666,200,
11.243000160902739,200,
26.421999791637063,200,
17.15259999036789,200,
2.373900031670928,200,
15.86639997549355,200,
13.385799946263433,200,
3.664500080049038,200,
1.9182998221367598,200,
14.295300003141165,200,
2.6012000162154436,200,
23.830899968743324,200,
12.945599853992462,200,
3.1232000328600407,200,
4.300399916246533,200,
3.176500089466572,200,
26.795599842444062,200,
25.170099921524525,200,
2.5539000052958727,200,
2.077799988910556,200,
14.600399881601334,200,
27.05000014975667,200,
17.078900011256337,200,
1.541400095447898,200,
2.838199958205223,200,
14.290599850937724,200,
13.334899907931685,200,
15.50370012409985,200,
15.789200086146593,200,
2.0030001178383827,200,
12.909699929878116,200,
14.75990004837513,200,
1.9198001828044653,200,
3.084799973294139,200,
14.374000020325184,200,
13.459800044074655,200,
2.3318000603467226,200,
13.674200046807528,200,
2.088499953970313,200,
27.810399886220694,200,
15.135499881580472,200,
3.257500007748604,200,
5.94709999859333,200,
3.473299788311124,200,
2.294600009918213,200,
2.873999997973442,200,
23.67630018852651,200,
18.088400131091475,200,
2.9642998706549406,200,
4.465000005438924,200,
3.016699803993106,200,
27.289799880236387,200,
25.920199928805232,200,
3.4731999039649963,200,
5.0426998641341925,200,
3.62550001591444,200,
3.152600023895502,200,
3.1592000741511583,200,
1.965800067409873,200,
3.3416999503970146,200,
14.112599892541766,200,
21.444200072437525,200,
4.20960015617311,200,
6.347500020638108,200,
3.5053000319749117,200,
3.085399977862835,200,
1.7715999856591225,200,
2.475900109857321,200,
2.0270999521017075,200,
2.3116001393646,200,
2.420700155198574,200,
2.145199803635478,200,
1.986699877306819,200,
1.8827999010682106,200,
3.033699933439493,200,
22.43879996240139,200,
3.595799906179309,200,
3.7897999864071608,200,
2.690899884328246,200,
3.1765999738126993,200,
2.47150007635355,200,
22.748999996110797,200,
21.453200140967965,200,
2.3996999952942133,200,
3.0361998360604048,200,
2.2619999945163727,200,
2.5931999552994967,200,
3.0102001037448645,200,
3.7799000274389982,200,
1.9950999412685633,200,
3.0982999596744776,200,
3.0094000976532698,200,
2.4856000673025846,200,
22.168299881741405,200,
2.6841999497264624,200,
14.196299947798252,200,
26.42140001989901,200,
2.4975999258458614,200,
3.6551000084728003,200,
26.44199994392693,200,
28.110099956393242,200,
2.8723999857902527,200,
5.061500007286668,200,
3.2179001718759537,200,
4.346800036728382,200,
3.604999976232648,200,
3.385900054126978,200,
7.543900050222874,200,
17.3227998893708,200,
8.117299992591143,200,
26.750999968498945,200,
2.749399980530143,200,
2.6734001003205776,200,
2.1705999970436096,200,
2.178099937736988,200,
2.050899900496006,200,
22.076500114053488,200,
4.187500104308128,200,
4.648600006476045,200,
2.617400139570236,200,
2.274799859151244,200,
2.228999976068735,200,
15.502399997785687,200,
3.9941999129951,200,
2.8310001362115145,200,
4.742400022223592,200,
3.5110998433083296,200,
3.3611999824643135,200,
3.7084000650793314,200,
2.3390999995172024,200,
3.727799979969859,200,
15.328100183978677,200,
23.557200096547604,200,
2.360499929636717,200,
3.6186999641358852,200,
3.7774001248180866,200,
4.811099963262677,200,
3.1993999145925045,200,
3.1018999870866537,200,
4.029400181025267,200,
2.9450999572873116,200,
15.289000002667308,200,
20.53700014948845,200,
2.3529999889433384,200,
3.6949999630451202,200,
11.628199834376574,200,
2.609899966046214,200,
2.032299991697073,200,
1.8102999310940504,200,
2.5781001895666122,200,
2.354399999603629,200,
3.855499904602766,200,
26.012100046500564,200,
2.867799950763583,200,
1.9111998844891787,200,
1.8557999283075333,200,
2.201800001785159,200,
2.3141999263316393,200,
2.0967000164091587,200,
14.792700065299869,200,
3.4916000440716743,200,
3.8078001234680414,200,
2.0310000982135534,200,
1.9551999866962433,200,
2.1257998887449503,200,
2.445199992507696,200,
13.92580009996891,200,
3.558600088581443,200,
16.723700100556016,200,
16.856999834999442,200,
2.321300096809864,200,
4.084100015461445,200,
3.156400052830577,200,
3.1440998427569866,200,
2.59119994007051,200,
2.4902999866753817,200,
3.879699856042862,200,
1.9811999518424273,200,
1.9499000627547503,200,
1.8885999452322721,200,
1.9632999319583178,200,
1.894199987873435,200,
2.711400156840682,200,
26.202299864962697,200,
4.430900095030665,200,
3.114700084552169,200,
1.8118999432772398,200,
12.448500143364072,200,
3.2112000044435263,200,
1.9811000674962997,200,
1.7949999310076237,200,
1.823600148782134,200,
1.880299998447299,200,
1.933499937877059,200,
25.207299971953034,200,
10.641700122505426,200,
2.310900017619133,200,
1.9417998846620321,200,
15.66049992106855,200,
3.9917000103741884,200,
3.066300181671977,200,
4.614599980413914,200,
2.088499953970313,200,
24.454300059005618,200,
28.077600058168173,200,
2.8168000280857086,200,
4.353400086984038,200,
2.8431001119315624,200,
2.704999875277281,200,
2.443700097501278,200,
2.376600168645382,200,
2.0826999098062515,200,
20.421999972313643,200,
19.666999811306596,200,
2.347600180655718,200,
3.373099956661463,200,
3.383900038897991,200,
27.904000133275986,200,
26.472600176930428,200,
2.347599947825074,200,
14.751299982890487,200,
13.230600161477923,200,
2.6385001838207245,200,
15.623799990862608,200,
13.418300077319145,200,
2.486299956217408,200,
3.8768998347222805,200,
2.0455000922083855,200,
24.910999927669764,200,
28.97259988822043,200,
2.332099946215749,200,
3.8397000171244144,200,
2.2772999946027994,200,
20.9073000587523,200,
19.969600019976497,200,
2.8822000604122877,200,
21.205400116741657,200,
18.803899874910712,200,
2.203900134190917,200,
15.317999990656972,200,
13.623799895867705,200,
14.539399882778525,200,
15.049000037834048,200,
14.729200163856149,200,
15.200499910861254,200,
2.7152998372912407,200,
3.7890998646616936,200,
11.922199977561831,200,
15.607000095769763,200,
26.646299986168742,200,
15.745399985462427,200,
15.74400020763278,200,
15.990499872714281,200,
16.009399900212884,200,
16.807699808850884,200,
17.04839989542961,200,
3.348700003698468,200,
4.930299939587712,200,
3.110300051048398,200,
2.218300011008978,200,
10.76410012319684,200,
16.580500174313784,200,
19.933300092816353,200,
2.100700046867132,200,
2.749199979007244,200,
1.564699923619628,200,
1.5378999523818493,200,
13.40280007570982,200,
25.79790004529059,200,
16.78609987720847,200,
15.711500076577067,200,
15.721699921414256,200,
15.67250001244247,200,
15.526599949225783,200,
1.6868000384420156,200,
3.2416998874396086,200,
12.801300035789609,200,
1.9360000733286142,200,
28.364800149574876,200,
15.05449996329844,200,
2.199700102210045,200,
13.307500164955854,200,
15.638999873772264,200,
3.2105999998748302,200,
14.56409995444119,200,
27.19480008818209,200,
15.937099931761622,200,
3.824699902907014,200,
3.6999997682869434,200,
26.673499960452318,200,
27.19189994968474,200,
2.838799962773919,200,
12.668400071561337,200,
16.093499958515167,200,
3.186900168657303,200,
1.8932998646050692,200,
14.378099935129285,200,
25.5515999160707,200,
16.506999963894486,200,
14.85709985718131,200,
15.710999956354499,200,
15.449499944224954,200,
15.401700045913458,200,
2.4568999651819468,200,
3.621000098064542,200,
3.4219000954180956,200,
2.214200096204877,200,
24.253600044175982,200,
24.184100097045302,200,
16.33169990964234,200,
16.298000002279878,200,
16.626799944788218,200,
17.072099959477782,200,
14.928299933671951,200,
15.450000064447522,200,
15.147299971431494,200,
15.060900012031198,200,
3.0624999199062586,200,
4.454599926248193,200,
3.2208000775426626,200,
3.81469982676208,200,
3.7565999664366245,200,
3.116500098258257,200,
3.9464998990297318,200,
5.372500047087669,200,
14.600600115954876,200,
29.576400062069297,200,
18.501600017771125,200,
5.385899916291237,200,
2.571399789303541,200,
2.5852001272141933,200,
13.429100159555674,200,
7.4748999904841185,200,
5.118000088259578,200,
3.860299941152334,200,
4.746200051158667,200,
3.110900055617094,200,
3.892000066116452,200,
4.994899965822697,200,
7.03289988450706,200,
5.691199796274304,200,
3.2128000166267157,200,
4.919700091704726,200,
3.2866999972611666,200,
4.4247000478208065,200,
6.1311000026762486,200,
4.3629000429064035,200,
5.676800152286887,200,
4.221300128847361,200,
3.7177999038249254,200,
3.874399932101369,200,
3.257600124925375,200,
2.3156001698225737,200,
2.8563998639583588,200,
2.5270001497119665,200,
18.142800079658628,200,
16.308600082993507,200,
21.53969998471439,200,
2.9780000913888216,200,
4.695999901741743,200,
3.6657999735325575,200,
4.837099928408861,200,
4.824099829420447,200,
4.216999979689717,200,
4.7738999128341675,200,
3.6786000709980726,200,
4.768499871715903,200,
3.8803000934422016,200,
6.473199930042028,200,
8.40789987705648,200,
6.2067999970167875,200,
4.125599982216954,200,
2.1021999418735504,200,
2.4829001631587744,200,
2.3568999022245407,200,
2.602200023829937,200,
4.389599896967411,200,
3.842199919745326,200,
3.343000076711178,200,
4.025799920782447,200,
3.7331997882574797,200,
3.2432000152766705,200,
2.3103998973965645,200,
2.782300114631653,200,
2.48810020275414,200,
2.3897001519799232,200,
5.461999913677573,200,
2.223899820819497,200,
1.980300061404705,200,
20.005900179967284,200,
2.226700074970722,200,
2.0053000189363956,200,
2.194399945437908,200,
1.8294998444616795,200,
21.16909995675087,200,
3.3887000754475594,200,
2.046500099822879,200,
1.8603000789880753,200,
22.809899877756834,200,
2.27870000526309,200,
2.039700048044324,200,
2.0838999189436436,200,
1.74809992313385,200,
1.7009999137371778,200,
24.922099895775318,200,
3.1526999082416296,200,
2.5462000630795956,200,
2.1198999602347612,200,
1.8713998142629862,200,
1.9636000506579876,200,
2.085900167003274,200,
22.337399888783693,200,
4.662099992856383,200,
4.866000032052398,200,
3.6458999384194613,200,
2.914300188422203,200,
3.503400133922696,200,
3.983000060543418,200,
5.783899920061231,200,
6.524200085550547,200,
5.786600057035685,200,
5.567900137975812,200,
4.433599999174476,200,
4.844099981710315,200,
6.849300116300583,200,
6.580800050869584,200,
6.312699988484383,200,
5.345900077372789,200,
4.245100077241659,200,
6.538300076499581,200,
6.163599900901318,200,
4.442800069227815,200,
5.422000074759126,200,
4.948300076648593,200,
4.482399905100465,200,
3.2791998237371445,200,
2.9863999225199223,200,
2.6710000820457935,200,
3.0189999379217625,200,
18.127300078049302,200,
5.025400081649423,200,
3.8458998315036297,200,
2.97949998639524,200,
3.0552998650819063,200,
3.945400007069111,200,
4.3138000182807446,200,
4.08330000936985,200,
4.419000120833516,200,
4.960500169545412,200,
4.455799935385585,200,
4.540699999779463,200,
5.834199953824282,200,
5.916800117120147,200,
5.232699913904071,200,
5.880299955606461,200,
5.715799983590841,200,
5.390099948272109,200,
8.480099961161613,200,
14.694400131702423,200,
21.292499965056777,200,
6.454699905589223,200,
8.80990014411509,200,
5.452300189062953,200,
4.800800001248717,200,
8.939799852669239,200,
6.832699989899993,200,
3.2476000487804413,200,
4.63149999268353,200,
4.472499946132302,200,
5.583399906754494,200,
9.727000026032329,200,
9.18729999102652,200,
5.573199829086661,200,
6.331900134682655,200,
5.946999881416559,200,
5.03010000102222,200,
4.105599829927087,200,
3.7181999068707228,200,
4.288499942049384,200,
3.6390998866409063,200,
2.529700053855777,200,
3.0653001740574837,200,
3.2640998251736164,200,
2.4447001051157713,200,
20.328399958088994,200,
4.755799891427159,200,
4.790399922057986,200,
5.058899987488985,200,
4.61789988912642,200,
4.004900110885501,200,
4.1634999215602875,200,
5.4199001751840115,200,
5.449999822303653,200,
3.0726001132279634,200,
2.6964000426232815,200,
12.107999995350838,200,
2.178699942305684,200,
2.2936000023037195,200,
3.362300107255578,200,
3.6464999429881573,200,
22.25530007854104,200,
6.271099904552102,200,
4.6004001051187515,200,
8.511200081557035,200,
9.290500078350306,200,
9.07159992493689,200,
5.351099884137511,200,
3.925899975001812,200,
6.8789999932050705,200,
8.18290002644062,200,
6.636500125750899,200,
3.5278000868856907,200,
3.640900133177638,200,
16.523299971595407,200,
6.9102998822927475,200,
4.328399896621704,200,
5.823400104418397,200,
5.301299970597029,200,
7.939999923110008,200,
8.019800065085292,200,
5.821599857881665,200,
4.587600007653236,200,
5.091199884191155,200,
7.783199893310666,200,
8.0422000028193,200,
6.627100054174662,200,
4.590299911797047,200,
3.8844000082463026,200,
10.75240015052259,200,
3.9300001226365566,200,
24.396700086072087,200,
6.9605999160557985,200,
4.0865999180823565,200,
7.039499934762716,200,
7.023300044238567,200,
4.487300058826804,200,
7.405399810522795,200,
8.685600012540817,200,
4.0311000775545835,200,
8.125700056552887,200,
7.79650011099875,200,
14.64290008880198,200,
4.323200089856982,200,
4.257000051438808,200,
26.713899802416563,200,
7.526700152084231,200,
2.895900048315525,200,
5.4536000825464725,200,
5.105300107970834,200,
4.1704000905156136,200,
3.620999865233898,200,
3.959299996495247,200,
5.646700039505959,200,
5.394899984821677,200,
4.480300005525351,200,
4.0432000532746315,200,
3.7239999510347843,200,
4.61820000782609,200,
5.384400021284819,200,
4.542199894785881,200,
3.7001001182943583,200,
5.961199989542365,200,
4.572500009089708,200,
3.2977000810205936,200,
6.4968999940901995,200,
15.97200008109212,200,
16.13269979134202,200,
28.348700143396854,200,
2.757699927315116,200,
3.9132998790591955,200,
3.4398999996483326,200,
2.9480999801307917,200,
2.873700112104416,200,
3.406599862501025,200,
3.337299916893244,200,
3.812599927186966,200,
2.024600049480796,200,
1.955399988219142,200,
1.8591000698506832,200,
1.8755998462438583,200,
2.02669994905591,200,
3.6059000995010138,200,
19.68450006097555,200,
2.8221001848578453,200,
4.90740011446178,200,
3.490700153633952,200,
1.9630000460892916,200,
1.9135000184178352,200,
1.987299881875515,200,
4.4408999383449554,200,
2.607200061902404,200,
2.16330005787313,200,
2.0689000375568867,200,
2.1244999952614307,200,
25.128799956291914,200,
2.643600106239319,200,
3.247699933126569,200,
2.399899996817112,200,
2.027499955147505,200,
1.9149999134242535,200,
18.9259999897331,200,
2.3024999536573887,200,
3.150900127366185,200,
2.4554000701755285,200,
17.358300043269992,200,
15.896700089797378,200,
22.707500029355288,200,
2.9429998248815536,200,
2.190199913457036,200,
2.689699875190854,200,
2.108899876475334,200,
1.9723998848348856,200,
14.23400011844933,200,
3.239300101995468,200,
2.163400175049901,200,
2.346599940210581,200,
3.1218999065458775,200,
17.648400040343404,200,
2.658999990671873,200,
2.131999935954809,200,
19.561199937015772,200,
16.079399967566133,200,
26.819199789315462,200,
3.2581998966634274,200,
14.61030007340014,200,
28.512499993667006,200,
17.228899989277124,200,
2.789099933579564,200,
3.9683999493718147,200,
2.071299823001027,200,
1.9469999242573977,200,
1.8912001978605986,200,
2.4615000002086163,200,
2.963599981740117,200,
28.561600018292665,200,
15.692300163209438,200,
2.4525998160243034,200,
3.6543000023812056,200,
26.880500139668584,200,
25.79040010459721,200,
3.1568999402225018,200,
5.337599897757173,200,
3.9172000251710415,200,
2.8512999415397644,200,
22.208699956536293,200,
24.212499847635627,200,
2.3699000012129545,200,
3.6752999294549227,200,
12.088099960237741,200,
2.0318999886512756,200,
25.954200187698007,200,
13.616499956697226,200,
15.40430006571114,200,
16.052399994805455,200,
15.304500004276633,200,
16.16879994980991,200,
2.2326000034809113,200,
12.651000171899796,200,
15.916600124910474,200,
2.2954000160098076,200,
13.888099929317832,200,
16.028600046411157,200,
3.219500184059143,200,
5.6686000898480415,200,
5.084899952635169,200,
5.060400115326047,200,
15.542699955403805,200,
24.121399968862534,200,
15.749200014397502,200,
15.89889987371862,200,
2.32190010137856,200,
16.334099927917123,200,
14.550700085237622,200,
2.784299897029996,200,
11.637400137260556,200,
25.792300002649426,200,
16.997399972751737,200,
2.8269998729228973,200,
15.279600163921714,200,
15.227800002321601,200,
27.66290004365146,200,
2.339300001040101,200,
3.313099965453148,200,
11.722899973392487,200,
16.96269982494414,200,
27.756699826568365,200,
2.041199943050742,200,
15.136600006371737,200,
13.185200048610568,200,
2.4069000501185656,200,
3.335000015795231,200,
1.6991000156849623,200,
12.172099901363254,200,
16.128200106322765,200,
25.533500127494335,200,
14.972599921748042,200,
15.402999939396977,200,
15.091100009158254,200,
17.177000176161528,200,
16.59999997355044,200,
14.548399951308966,200,
2.7077998965978622,200,
12.7876999322325,200,
2.449499908834696,200,
26.268300134688616,200,
13.826000038534403,200,
15.376700088381767,200,
15.925999963656068,200,
2.232300117611885,200,
12.490599881857634,200,
15.366100007668138,200,
1.8526001367717981,200,
15.67550003528595,200,
13.74630001373589,200,
1.9978999625891447,200,
14.178700046613812,200,
16.16290002129972,200,
2.260300097987056,200,
3.4616999328136444,200,
12.082200031727552,200,
2.1878001280128956,200,
3.1192998867481947,200,
5.491999909281731,200,
27.033699909225106,200,
3.5390998236835003,200,
2.9556001536548138,200,
4.29970002733171,200,
22.81329990364611,200,
7.520499872043729,200,
4.144700011238456,200,
3.163600107654929,200,
28.910599881783128,200,
22.78770017437637,200,
5.193399963900447,200,
5.882100202143192,200,
26.036000112071633,200,
25.644900044426322,200,
3.630199935287237,200,
6.173399975523353,200,
4.1720999870449305,200,
3.922699950635433,200,
6.511700106784701,200,
9.626300074160099,200,
6.028099916875362,200,
3.2862001098692417,200,
4.234299995005131,200,
2.8370001818984747,200,
9.57549992017448,200,
2.8693999629467726,200,
21.648099878802896,200,
4.64179995469749,200,
2.756600035354495,200,
3.59920016489923,200,
3.458600025624037,200,
2.4878999684005976,200,
2.754200017079711,200,
3.479599952697754,200,
1.9990999717265368,200,
2.3912000469863415,200,
3.0933001544326544,200,
3.923799842596054,200,
1.9679998513311148,200,
1.7828000709414482,200,
1.584499841555953,200,
1.6372001264244318,200,
1.6031998675316572,200,
1.6147000715136528,200,
14.926299918442965,200,
3.366599790751934,200,
2.664899919182062,200,
3.05169983766973,200,
2.994399983435869,200,
2.0607998594641685,200,
1.6977000050246716,200,
1.6315001994371414,200,
20.091300131753087,200,
27.1011998411268,200,
2.5464000646024942,200,
3.7519000470638275,200,
3.2091999892145395,200,
2.4796000216156244,200,
11.834500124678016,200,
2.2503999061882496,200,
2.573200035840273,200,
22.456200094893575,200,
16.734299948439002,200,
27.79469988308847,200,
14.868699945509434,200,
15.919500030577183,200,
15.517799882218242,200,
15.227299882099032,200,
2.4311000015586615,200,
13.151699909940362,200,
15.65729989670217,200,
2.3634000681340694,200,
3.288599895313382,200,
1.8002998549491167,200,
11.404999997466803,200,
24.700300069525838,200,
16.51430013589561,200,
15.96580003388226,200,
16.11570012755692,200,
2.8469001408666372,200,
14.883199939504266,200,
27.1976999938488,200,
14.938300009816885,200,
2.5851998943835497,200,
3.726499853655696,200,
27.405599830672145,200,
26.34780015796423,200,
2.3141999263316393,200,
15.375799965113401,200,
13.482999987900257,200,
14.506699983030558,200,
14.702299842610955,200,
15.373599948361516,200,
16.126400092616677,200,
2.8665000572800636,200,
3.000000026077032,200,
1.8154000863432884,200,
2.544200047850609,200,
23.10550003312528,200,
24.667599936947227,200,
2.488599857315421,200,
15.76999993994832,200,
13.997399946674705,200,
17.13449996896088,200,
17.76190008968115,200,
13.612600043416023,200,
13.676799833774567,200,
14.75059986114502,200,
14.805000042542815,200,
2.040799940004945,200,
4.169199848547578,200,
3.01240012049675,200,
2.6910000015050173,200,
2.143900142982602,200,
2.071499824523926,200,
22.25329983048141,200,
24.179600179195404,200,
2.943499945104122,200,
3.7010000087320805,200,
1.9285001326352358,200,
11.03799999691546,200,
16.547499923035502,200,
24.891600012779236,200,
15.408799983561039,200,
15.219300054013729,200,
2.931400202214718,200,
2.332800067961216,200,
14.357500011101365,200,
24.869699962437153,200,
16.520599834620953,200,
15.686400001868606,200,
15.829900046810508,200,
6.2448999378830194,200,
6.573500111699104,200,
3.8944000843912363,200,
1.9283001311123371,200,
2.948499983176589,200,
14.325400115922093,200,
22.432399913668633,200,
2.1440000273287296,200,
16.793800052255392,200,
14.712300151586533,200,
2.3978000972419977,200,
13.830499956384301,200,
2.4658001493662596,200,
14.308499870821834,200,
28.219399973750114,200,
17.169800121337175,200,
17.697000177577138,200,
3.4316000528633595,200,
6.416199961677194,200,
2.9619999695569277,200,
1.8813000060617924,200,
22.68630010075867,200,
20.637999987229705,200,
2.3421000223606825,200,
12.931300094351172,200,
15.901600010693073,200,
15.414800029248,200,
16.054699895903468,200,
1.94089999422431,200,
15.09549980983138,200,
13.6977001093328,200,
1.7125001177191734,200,
15.50830015912652,200,
13.641800032928586,200,
15.629499917849898,200,
16.392899909988046,200,
3.600900061428547,200,
5.253499839454889,200,
2.942499937489629,200,
5.357400048524141,200,
2.2567000705748796,200,
3.0626000370830297,200,
1.9258998800069094,200,
2.1551998797804117,200,
19.082000013440847,200,
14.263699995353818,200,
2.3145999293774366,200,
13.166200136765838,200,
15.538499923422933,200,
16.11949992366135,200,
16.11399999819696,200,
1.7242999747395515,200,
15.374300070106983,200,
13.491899939253926,200,
2.7926000766456127,200,
13.924299972131848,200,
2.234000014141202,200,
27.297799941152334,200,
13.87169980444014,200,
2.2217000368982553,200,
3.8514998741447926,200,
2.0343000069260597,200,
23.927300004288554,200,
27.71080005913973,200,
3.066499950364232,200,
4.560299916192889,200,
3.7857000716030598,200,
26.700800051912665,200,
24.878100026398897,200,
3.5478000063449144,200,
5.342599935829639,200,
3.7686999421566725,200,
24.023500038310885,200,
22.44210010394454,200,
2.3442001547664404,200,
15.270499978214502,200,
13.510199962183833,200,
1.9214998465031385,200,
3.1041998881846666,200,
11.873899959027767,200,
16.261099837720394,200,
27.775299968197942,200,
2.0240000449121,200,
15.557999955490232,200,
14.029599959030747,200,
1.985900104045868,200,
3.117599990218878,200,
12.261199997738004,200,
28.614599956199527,200,
17.775499960407615,200,
2.387200016528368,200,
14.567499980330467,200,
3.016799921169877,200,
25.86910012178123,200,
3.601199947297573,200,
2.8118998743593693,200,
26.305499952286482,200,
15.635699965059757,200,
24.56080005504191,200,
2.510499907657504,200,
2.4196000304073095,200,
2.1746999118477106,200,
13.759800000116229,200,
2.3837999906390905,200,
22.676500026136637,200,
13.857800047844648,200,
2.6628999039530754,200,
3.4678999800235033,200,
2.907400019466877,200,
3.6814999766647816,200,
5.09629980660975,200,
3.8823001086711884,200,
4.345599794760346,200,
19.145300146192312,200,
14.333599945530295,200,
14.715299941599369,200,
14.733799966052175,200,
3.044900018721819,200,
2.09349999204278,200,
2.0665000192821026,200,
13.88560002669692,200,
2.38209986127913,200,
2.3244000039994717,200,
3.6053000949323177,200,
2.9889000579714775,200,
6.063499953597784,200,
25.005999952554703,200,
3.56630003079772,200,
6.017500068992376,200,
6.2870001420378685,200,
3.877100069075823,200,
5.58270001783967,200,
8.514200104400516,200,
4.758799914270639,200,
4.257000051438808,200,
5.4658998269587755,200,
7.869099965319037,200,
6.918600061908364,200,
4.692000104114413,200,
4.113100003451109,200,
3.8077000062912703,200,
4.727600142359734,200,
7.083500036969781,200,
7.11170001886785,200,
5.173600045964122,200,
3.751399926841259,200,
3.4355998504906893,200,
4.6635998878628016,200,
6.228699814528227,200,
9.02190012857318,200,
6.2822001054883,200,
3.4846998751163483,200,
4.8076999373734,200,
5.2825999446213245,200,
4.569699987769127,200,
4.4368000235408545,200,
5.04339998587966,200,
4.001200199127197,200,
3.9154000114649534,200,
4.340099869295955,200,
2.301699947565794,200,
3.1084998045116663,200,
2.881100168451667,200,
2.3691998794674873,200,
20.01319988630712,200,
4.205700010061264,200,
3.5038001369684935,200,
3.5266000777482986,200,
3.734100144356489,200,
5.040799966081977,200,
4.055599914863706,200,
3.9664998184889555,200,
5.7512999046593904,200,
5.015700124204159,200,
4.111399874091148,200,
4.533699946478009,200,
5.014599999412894,200,
5.360999843105674,200,
7.504699984565377,200,
7.186600007116795,200,
4.446499980986118,200,
5.158100044354796,200,
3.514199983328581,200,
4.963699961081147,200,
3.01540014334023,200,
2.4715999606996775,200,
2.812699880450964,200,
4.408099921420217,200,
22.02689996920526,200,
5.485600093379617,200,
3.980000037699938,200,
4.112600116059184,200,
3.788899863138795,200,
5.402600159868598,200,
4.531200043857098,200,
4.458700073882937,200,
4.866000032052398,200,
3.318200120702386,200,
3.2713001128286123,200,
3.780899802222848,200,
4.635599907487631,200,
5.360799841582775,200,
7.0448999758809805,200,
6.031799828633666,200,
3.4286000300198793,200,
2.2265000734478235,200,
2.5816999841481447,200,
4.337800201028585,200,
2.9618002008646727,200,
3.0773000326007605,200,
2.9884001705795527,200,
3.000000026077032,200,
25.580900022760034,200,
6.028899922966957,200,
7.2212000377476215,200,
5.983600160107017,200,
4.586499882861972,200,
5.168900126591325,200,
7.394999964162707,200,
7.1604999247938395,200,
4.7061999794095755,200,
4.316200036555529,200,
5.060800118371844,200,
6.601700093597174,200,
6.532399915158749,200,
5.275700008496642,200,
2.326600020751357,200,
2.6752001140266657,200,
3.4723998978734016,200,
3.8894000463187695,200,
3.2184000592678785,200,
3.3977001439779997,200,
24.519700091332197,200,
7.5634999666363,200,
6.741099990904331,200,
2.369999885559082,200,
2.261500107124448,200,
24.764599977061152,200,
18.506799824535847,200,
2.9223000165075064,200,
4.392700036987662,200,
3.518899902701378,200,
4.503099946305156,200,
4.278299864381552,200,
3.6919000558555126,200,
3.37380007840693,200,
5.353800021111965,200,
4.805499920621514,200,
2.8337999247014523,200,
3.8334999699145555,200,
4.611300071701407,200,
3.6326998379081488,200,
4.697199910879135,200,
2.3043002001941204,200,
2.11709993891418,200,
2.1627999376505613,200,
2.518499968573451,200,
2.5118000339716673,200,
20.45100019313395,200,
4.67170006595552,200,
3.5564000718295574,200,
3.904700046405196,200,
3.7597999908030033,200,
4.161999793723226,200,
3.540900070220232,200,
3.981800051406026,200,
6.523799849674106,200,
5.27149997651577,200,
3.1883998308330774,200,
3.5186000168323517,200,
4.13779984228313,200,
3.6319999489933252,200,
3.926600096747279,200,
4.155100090429187,200,
6.721399957314134,200,
5.313800182193518,200,
3.084499854594469,200,
4.564299946650863,200,
3.8336000870913267,200,
3.845699829980731,200,
7.920200005173683,200,
7.75930006057024,200,
3.2011999282985926,200,
3.0308000277727842,200,
3.142199944704771,200,
2.02039978466928,200,
4.3895000126212835,200,
2.6255000848323107,200,
2.40899994969368,200,
2.162399934604764,200,
2.3813999723643064,200,
21.14839991554618,200,
6.156099960207939,200,
4.690099973231554,200,
3.398000029847026,200,
3.243100130930543,200,
2.006000140681863,200,
2.105999970808625,200,
2.2502997890114784,200,
3.190800081938505,200,
2.3765000514686108,200,
2.1464000456035137,200,
2.1214999724179506,200,
2.1506999619305134,200,
3.2645000610500574,200,
23.965599946677685,200,
3.1581001821905375,200,
4.845000104978681,200,
3.586800070479512,200,
2.0677000284194946,200,
2.0479001104831696,200,
2.118500182405114,200,
25.36189998500049,200,
17.518799984827638,200,
2.472899854183197,200,
2.0062001422047615,200,
13.681000098586082,200,
2.6235999539494514,200,
25.50160000100732,200,
13.56000010855496,200,
14.649700140580535,200,
15.122600132599473,200,
14.861200004816055,200,
15.342399943619967,200,
2.426800085231662,200,
3.5237998235970736,200,
2.585900016129017,200,
1.7828999552875757,200,
1.8490999937057495,200,
1.9636000506579876,200,
26.795299956575036,200,
20.02399996854365,200,
3.288300009444356,200,
1.8859000410884619,200,
1.9722001161426306,200,
14.393500052392483,200,
24.638300063088536,200,
17.4000000115484,200,
3.5062998067587614,200,
3.9276001043617725,200,
2.2823999170213938,200,
25.10259998962283,200,
23.127600084990263,200,
2.47849989682436,200,
3.5237001720815897,200,
3.880999982357025,200,
3.718799911439419,200,
24.34429991990328,200,
23.152400040999055,200,
3.2049999572336674,200,
3.459499916061759,200,
2.5480000767856836,200,
11.400500079616904,200,
25.89430008083582,200,
16.91689994186163,200,
16.240699915215373,200,
16.207800013944507,200,
16.241000033915043,200,
16.051100101321936,200,
2.3691998794674873,200,
15.114199835807085,200,
13.108799932524562,200,
2.3765999358147383,200,
13.650800101459026,200,
16.26449986360967,200,
27.622300200164318,200,
16.494600102305412,200,
16.525200102478266,200,
2.0363000221550465,200,
1.6737000551074743,200,
13.747799908742309,200,
16.589200124144554,200,
27.576199965551496,200,
2.57690018042922,200,
4.279299871996045,200,
11.702599935233593,200,
2.0568000618368387,200,
25.60680010356009,200,
14.231299981474876,200,
2.2869999520480633,200,
3.55900009162724,200,
2.031999872997403,200,
12.633000034838915,200,
25.229299906641245,200,
15.90489991940558,200,
2.513800049200654,200,
1.9343998283147812,200,
14.791699824854732,200,
16.081599984318018,200,
26.36599983088672,200,
1.9553001038730145,200,
2.959800185635686,200,
1.9707002211362123,200,
2.491600112989545,200,
1.9910999108105898,200,
26.90739999525249,200,
23.912700125947595,200,
2.072600182145834,200,
3.726499853655696,200,
14.369399985298514,200,
13.416300062090158,200,
17.00160000473261,200,
16.990600153803825,200,
2.5785998441278934,200,
12.9826997872442,200,
15.452599851414561,200,
25.93829995021224,200,
2.0667000208050013,200,
3.0257999897003174,200,
2.7318999636918306,200,
2.900300081819296,200,
2.6336999144405127,200,
2.4688001722097397,200,
2.6313001289963722,200,
2.5522999931126833,200,
1.9323998130857944,200,
3.3418999519199133,200,
20.709200063720345,200,
14.27519996650517,200,
1.851300010457635,200,
15.678999945521355,200,
15.290100127458572,200,
17.581299878656864,200,
16.53610006906092,200,
14.079200103878975,200,
14.603900024667382,200,
2.557900035753846,200,
13.371800072491169,200,
27.727199951186776,200,
16.866999911144376,200,
1.704599941149354,200,
4.27180016413331,200,
3.2746000215411186,200,
25.502200005576015,200,
24.759599938988686,200,
1.853700028732419,200,
3.026100108399987,200,
13.623999897390604,200,
13.129400089383125,200,
1.8939999863505363,200,
13.726700097322464,200,
15.391299966722727,200,
15.948300017043948,200,
15.940899960696697,200,
15.206400072202086,200,
15.240499982610345,200,
16.762000042945147,200,
16.720999963581562,200,
2.152500208467245,200,
3.4715000074356794,200,
12.042599963024259,200,
13.3629001211375,200,
1.9065001979470253,200,
3.182099899277091,200,
14.211000176146626,200,
13.284000102430582,200,
2.2948000114411116,200,
13.056300114840269,200,
28.177199885249138,200,
17.42819999344647,200,
2.1233002189546824,200,
14.785799896344543,200,
2.1907000336796045,200,
13.237299863249063,200,
28.12679996713996,200,
2.327500144019723,200,
14.846900012344122,200,
12.293500127270818,200,
2.7546000201255083,200,
16.1854000762105,200,
13.710100203752518,200,
2.4808000307530165,200,
4.6524000354111195,200,
3.9091999642550945,200,
3.6388998851180077,200,
3.0966000631451607,200,
2.847700146958232,200,
2.6219000574201345,200,
2.824899973347783,200,
3.4835000988096,200,
3.2625000458210707,200,
3.360399976372719,200,
3.7010000087320805,200,
3.9239998441189528,200,
3.9966998156160116,200,
3.196599893271923,200,
2.664700150489807,200,
2.597099868580699,200,
2.7492998633533716,200,
4.920699866488576,200,
2.2380000445991755,200,
15.815400052815676,200,
26.454699924215674,200,
16.81370008736849,200,
1.8008998595178127,200,
13.987199869006872,200,
16.415900085121393,200,
1.8132999539375305,200,
14.148199930787086,200,
1.7778999172151089,200,
14.131099916994572,200,
30.828900169581175,200,
14.445200096815825,200,
16.918799839913845,200,
2.2086999379098415,200,
14.765799976885319,200,
12.696499936282635,200,
2.0053000189363956,200,
14.311800012364984,200,
16.358300112187862,200,
16.031799837946892,200,
16.549899941310287,200,
15.862399945035577,200,
16.03580010123551,200,
2.393400063738227,200,
3.5469001159071922,200,
2.6970000471919775,200,
2.649600151926279,200,
2.8701000846922398,200,
2.802100032567978,200,
2.710099797695875,200,
5.291999783366919,200,
4.159699892625213,200,
3.230900038033724,200,
4.617600003257394,200,
26.02740004658699,200,
27.56479987874627,200,
14.668300049379468,200,
15.69309993647039,200,
2.987300045788288,200,
14.156300108879805,200,
12.168299872428179,200,
1.803999999538064,200,
2.216900000348687,200,
14.708200003951788,200,
16.903400188311934,200,
28.09119992889464,200,
1.9652999471873045,200,
3.4276999067515135,200,
12.59090006351471,200,
14.63089999742806,200,
1.7248999793082476,200,
3.139499807730317,200,
2.0457999780774117,200,
1.9183000549674034,200,
12.190300039947033,200,
16.5350001771003,200,
23.925899993628263,200,
2.0201001316308975,200,
3.380199894309044,200,
2.7445999439805746,200,
2.228399971500039,200,
3.425200004130602,200,
4.124100087210536,200,
2.943800063803792,200,
2.9428000561892986,200,
3.4486998338252306,200,
15.940699959173799,200,
17.996600130572915,200,
2.0377999171614647,200,
3.346700221300125,200,
3.064400050789118,200,
26.168399956077337,200,
27.872399892657995,200,
2.715399954468012,200,
14.206400141119957,200,
29.4321000110358,200,
18.04140000604093,200,
2.543899929150939,200,
2.281300025060773,200,
5.308000138029456,200,
2.860700013116002,200,
24.240499828010798,200,
21.851100027561188,200,
15.089199878275394,200,
15.6595001462847,200,
14.340100111439824,200,
14.957300154492259,200,
2.8546000830829144,200,
4.442899953573942,200,
2.3149000480771065,200,
4.486900055781007,200,
1.7874999903142452,200,
22.765600122511387,200,
21.535799838602543,200,
15.650700079277158,200,
15.4920001514256,200,
2.539099892601371,200,
14.996900223195553,200,
12.92949984781444,200,
16.2086000200361,200,
16.10210002399981,200,
15.306900022551417,200,
15.980500029399991,200,
2.6633001398295164,200,
12.904200004413724,200,
15.376199968159199,200,
2.0300999749451876,200,
15.099900076165795,200,
12.996099889278412,200,
2.0765000954270363,200,
14.301600167527795,200,
16.918200068175793,200,
2.1429001353681087,200,
13.136000139638782,200,
16.512300120666623,200,
27.55520003847778,200,
15.97040006890893,200,
16.493699979037046,200,
2.6551999617367983,200,
4.143700003623962,200,
3.1169001013040543,200,
2.8570001013576984,200,
2.857200102880597,200,
2.8884001076221466,200,
2.8224000707268715,200,
2.6390000712126493,200,
4.8639001324772835,200,
5.171699915081263,200,
3.1037998851388693,200,
3.0255999881774187,200,
3.014100017026067,200,
3.3465998712927103,200,
3.1701000407338142,200,
2.7365998830646276,200,
2.948800101876259,200,
3.181800013408065,200,
5.084000062197447,200,
3.647600067779422,200,
27.52560004591942,200,
27.70740003325045,200,
2.0497001241892576,200,
13.775000115856528,200,
16.448399983346462,200,
15.953099820762873,200,
16.26820000819862,200,
1.9947001710534096,200,
13.28880013898015,200,
15.210999874398112,200,
1.98379997164011,200,
1.5211000572890043,200,
13.79049988463521,200,
16.806799918413162,200,
27.853099862113595,200,
14.128300128504634,200,
15.014200005680323,200,
2.1204000804573298,200,
15.226100105792284,200,
13.901000143960118,200,
2.4838000535964966,200,
4.1686000768095255,200,
3.5740998573601246,200,
3.0308999121189117,200,
2.9297000728547573,200,
2.874600002542138,200,
3.351300023496151,200,
3.7867999635636806,200,
3.8691998925060034,200,
3.866499988362193,200,
1.9708999898284674,200,
13.85760004632175,200,
16.82410016655922,200,
27.269399957731366,200,
2.668999833986163,200,
3.2066002022475004,200,
12.453599832952023,200,
16.55539986677468,200,
28.475600061938167,200,
3.420500084757805,200,
4.977500066161156,200,
3.212499897927046,200,
3.0716999899595976,200,
21.664000116288662,200,
23.659199941903353,200,
3.0891001224517822,200,
4.215599969029427,200,
26.618100004270673,200,
25.951000163331628,200,
2.606400055810809,200,
13.272400014102459,200,
17.12119998410344,200,
2.539200009778142,200,
15.519600128754973,200,
13.728099875152111,200,
1.9189000595360994,200,
13.36819981224835,200,
16.21160004287958,200,
16.320500057190657,200,
16.03249995969236,200,
4.088600166141987,200,
5.7565998286008835,200,
3.5110001917928457,200,
3.1641998793929815,200,
21.986000007018447,200,
23.457600036635995,200,
1.8749001901596785,200,
2.9649001080542803,200,
12.233100133016706,200,
28.032000176608562,200,
16.8785999994725,200,
1.7500000540167093,200,
14.541700016707182,200,
13.269399991258979,200,
2.3970999754965305,200,
3.716500010341406,200,
3.3915999811142683,200,
2.8917999006807804,200,
24.340899894014,200,
25.682299863547087,200,
3.716799896210432,200,
3.8099000230431557,200,
26.425299933180213,200,
26.36329992674291,200,
3.285699989646673,200,
5.130700068548322,200,
27.821199968457222,200,
26.573800016194582,200,
2.4524000473320484,200,
5.076299887150526,200,
3.958999877795577,200,
23.772100219503045,200,
25.70150000974536,200,
2.229199977591634,200,
3.8383998908102512,200,
3.082000184804201,200,
3.520800033584237,200,
3.7332000210881233,200,
3.1934999860823154,200,
2.747399965301156,200,
2.926499815657735,200,
3.3287000842392445,200,
3.030699910596013,200,
2.544499933719635,200,
3.4574999008327723,200,
3.7384999450296164,200,
3.2248999923467636,200,
2.400600118562579,200,
4.270799923688173,200,
20.020500058308244,200,
20.21180000156164,200,
15.344800194725394,200,
15.907299937680364,200,
15.40730008855462,200,
15.37790009751916,200,
1.909899991005659,200,
2.6338999159634113,200,
14.157500118017197,200,
13.585099950432777,200,
14.45770007558167,200,
14.43520002067089,200,
2.378599951043725,200,
12.815500143915415,200,
15.559200197458267,200,
2.4031000211834908,200,
14.29149997420609,200,
2.125800121575594,200,
27.346599847078323,200,
13.96410004235804,200,
15.503499889746308,200,
15.69620007649064,200,
2.0942999981343746,200,
2.5331999640911818,200,
14.690499985590577,200,
16.67219982482493,200,
27.204700047150254,200,
2.1715001203119755,200,
15.539399813860655,200,
13.334100134670734,200,
15.62940003350377,200,
15.785800060257316,200,
2.217200119048357,200,
12.703199870884418,200,
14.982599997892976,200,
15.568299917504191,200,
16.11099997535348,200,
2.1955000702291727,200,
2.8956998139619827,200,
27.348400093615055,200,
26.99790010228753,200,
1.9268000032752752,200,
3.7839000578969717,200,
2.942700171843171,200,
2.0061000250279903,200,
1.9356999546289444,200,
23.55009992606938,200,
25.392699986696243,200,
2.72019999101758,200,
14.827099861577153,200,
28.54960015974939,200,
16.892800107598305,200,
2.676200121641159,200,
13.542399974539876,200,
15.864599961787462,200,
27.340499917045236,200,
15.607899986207485,200,
15.66090015694499,200,
1.5807000454515219,200,
15.67280013114214,200,
14.669700060039759,200,
2.516400068998337,200,
15.179600100964308,200,
13.207499869167805,200,
15.24870004504919,200,
15.977300005033612,200,
2.222999930381775,200,
13.11169983819127,200,
15.405099838972092,200,
2.0923002157360315,200,
2.559100044891238,200,
13.036699965596199,200,
14.433600008487701,200,
2.1971999667584896,200,
14.136800076812506,200,
1.9030999392271042,200,
27.237399946898222,200,
14.244699850678444,200,
16.164399916306138,200,
17.012099968269467,200,
2.043900080025196,200,
2.549000084400177,200,
11.849400121718645,200,
16.5007000323385,200,
27.738099917769432,200,
3.2620998099446297,200,
3.745399881154299,200,
2.4258000776171684,200,
3.3293000888079405,200,
22.270699962973595,200,
21.52650011703372,200,
2.224900061264634,200,
3.527299966663122,200,
1.9338999409228563,200,
11.943900026381016,200,
24.480899795889854,200,
16.551299951970577,200,
15.03850007429719,200,
15.951300039887428,200,
2.0451999735087156,200,
2.8138000052422285,200,
1.4045999851077795,200,
1.6028000973165035,200,
1.8714000470936298,200,
13.10029998421669,200,
23.170300060883164,200,
16.64749998599291,200,
1.8927999772131443,200,
2.4453001096844673,200,
1.7836999613791704,200,
12.911999830976129,200,
16.255100024864078,200,
26.634300127625465,200,
2.171600004658103,200,
16.077799955382943,200,
14.18950012885034,200,
2.1742000244557858,200,
13.560599880293012,200,
26.80659992620349,200,
16.04290003888309,200,
2.3358999751508236,200,
1.7111999914050102,200,
15.222999965772033,200,
27.094700140878558,200,
15.7687000464648,200,
3.060700139030814,200,
3.8804998621344566,200,
1.7027000430971384,200,
26.89870004542172,200,
24.297800147905946,200,
15.555999940261245,200,
16.16539992392063,200,
3.7356000393629074,200,
4.039699910208583,200,
2.327999798581004,200,
1.8040998838841915,200,
1.7608001362532377,200,
26.250499999150634,200,
21.102899918332696,200,
14.961600070819259,200,
15.072900103405118,200,
2.0964001305401325,200,
2.855299971997738,200,
11.803200002759695,200,
13.08430009521544,200,
15.601399820297956,200,
15.927300089970231,200,
15.326000051572919,200,
15.340300044044852,200,
2.001499990001321,200,
13.622099999338388,200,
16.142999986186624,200,
2.0691000390797853,200,
13.298699865117669,200,
15.86100016720593,200,
2.2736999671906233,200,
15.853499993681908,200,
13.56440014205873,200,
14.905000105500221,200,
14.90029995329678,200,
3.6000001709908247,200,
3.8302000612020493,200,
25.70480015128851,200,
25.76700015924871,200,
15.714500099420547,200,
15.473200008273125,200,
2.140499884262681,200,
15.256399987265468,200,
13.406400103121996,200,
1.7037999350577593,200,
13.769200071692467,200,
16.11079997383058,200,
1.8978000152856112,200,
13.171900063753128,200,
15.756899956613779,200,
1.6481999773532152,200,
15.160700073465705,200,
13.667900115251541,200,
1.9291997887194157,200,
15.220100060105324,200,
13.059900142252445,200,
1.6303998418152332,200,
2.9633999802172184,200,
13.967800186946988,200,
13.309500180184841,200,
1.7844000831246376,200,
3.103999886661768,200,
12.96239998191595,200,
13.960500014945865,200,
2.123699989169836,200,
12.464899802580476,200,
14.814699999988079,200,
15.632200054824352,200,
15.707000158727169,200,
15.173699939623475,200,
15.865899855270982,200,
2.8269998729228973,200,
2.076599979773164,200,
13.171100057661533,200,
2.0394998136907816,200,
2.6243000756949186,200,
23.03000004030764,200,
1.8680999055504799,200,
25.986699853092432,200,
13.957699993625283,200,
2.0707999356091022,200,
2.7546000201255083,200,
12.93299999088049,200,
12.593700084835291,200,
2.5788000784814358,200,
1.9193999469280243,200,
14.019600115716457,200,
1.770900096744299,200,
14.3758999183774,200,
26.68090001679957,200,
3.258500015363097,200,
4.741600016131997,200,
1.7671999521553516,200,
24.36050004325807,200,
27.530399849638343,200,
2.7019998524338007,200,
14.059299835935235,200,
28.552999952808022,200,
17.21199997700751,200,
2.4904999881982803,200,
14.577600173652172,200,
27.825199998915195,200,
16.179800033569336,200,
6.877399981021881,200,
8.045099908486009,200,
22.40039990283549,200,
24.009000044316053,200,
3.2848999835550785,200,
4.547900054603815,200,
3.392500104382634,200,
1.8530001398175955,200,
24.125699885189533,200,
20.68739989772439,200,
2.280099783092737,200,
4.176800139248371,200,
3.298899857327342,200,
3.685800125822425,200,
4.1832998394966125,200,
4.027800168842077,200,
2.922800136730075,200,
3.13810002990067,200,
3.98420006968081,200,
3.1860999297350645,200,
3.588499967008829,200,
2.7155999559909105,200,
3.212600015103817,200,
6.0501000843942165,200,
2.9249999206513166,200,
2.868899842724204,200,
5.443600006401539,200,
4.4877000618726015,200,
3.27409990131855,200,
2.467100042849779,200,
22.335499990731478,200,
26.942600030452013,200,
2.25210003554821,200,
3.2059999648481607,200,
2.283200155943632,200,
3.206399967893958,200,
25.60319984331727,200,
27.56550000049174,200,
3.650799859315157,200,
4.164899932220578,200,
2.1756000351160765,200,
3.463699948042631,200,
1.88770005479455,200,
25.5706999450922,200,
22.849199827760458,200,
2.3088997695595026,200,
3.714499995112419,200,
13.020499842241406,200,
27.723400155082345,200,
16.490999842062593,200,
3.056099871173501,200,
13.761299895122647,200,
2.4429000914096832,200,
26.699099922552705,200,
14.032599981874228,200,
2.7984001208096743,200,
4.2351000010967255,200,
1.8404999282211065,200,
12.538999784737825,200,
2.190500032156706,200,
1.9916999153792858,200,
2.283700043335557,200,
1.7663000617176294,200,
23.836399894207716,200,
1.9881001207977533,200,
2.9806001111865044,200,
3.065799828618765,200,
22.00930006802082,200,
2.370400121435523,200,
14.529000036418438,200,
24.52660002745688,200,
14.350499957799911,200,
14.746799832209945,200,
1.7351999413222075,200,
3.5043000243604183,200,
12.164900079369545,200,
2.0402001682668924,200,
2.0723999477922916,200,
25.425400119274855,200,
15.959399985149503,200,
26.749600190669298,200,
1.9370000809431076,200,
3.7893999833613634,200,
2.7098001446574926,200,
2.2765002213418484,200,
1.5827999450266361,200,
1.5149000100791454,200,
1.7445001285523176,200,
2.0369000267237425,200,
17.880900064483285,200,
26.869800174608827,200,
2.9180001001805067,200,
13.901000143960118,200,
3.637799993157387,200,
1.9572998862713575,200,
26.294399984180927,200,
2.599600004032254,200,
14.4724000710994,200,
26.64220007136464,200,
3.2550001051276922,200,
5.25390007533133,200,
3.1986001413315535,200,
3.0556998681277037,200,
2.864300040528178,200,
1.8922998569905758,200,
21.086799912154675,200,
17.96849980019033,200,
2.398099983111024,200,
13.953899964690208,200,
27.65549998730421,200,
16.62670006044209,200,
15.12999995611608,200,
15.024199848994613,200,
14.670500066131353,200,
14.852899825200438,200,
15.654699876904488,200,
15.68010007031262,200,
2.93629989027977,200,
3.0511999502778053,200,
2.217999892309308,200,
26.63179999217391,200,
25.183900026604533,200,
2.833800157532096,200,
15.477600041776896,200,
16.722500091418624,200,
29.342300025746226,200,
2.8177001513540745,200,
4.155500093474984,200,
26.410399936139584,200,
25.016799801960588,200,
2.8571998700499535,200,
15.377199975773692,200,
12.856099987402558,200,
2.127900021150708,200,
1.962800044566393,200,
14.876600122079253,200,
1.701299799606204,200,
14.252200024202466,200,
26.99779998511076,200,
1.9687998574227095,200,
13.753500068560243,200,
15.482200076803565,200,
2.035799901932478,200,
16.043500043451786,200,
14.04740009456873,200,
14.551300089806318,200,
14.470800058916211,200,
16.111199976876378,200,
16.528199892491102,200,
1.8331999890506268,200,
3.6674998700618744,200,
3.137399908155203,200,
3.2217002008110285,200,
3.7277000956237316,200,
3.709500189870596,200,
3.025500103831291,200,
20.065599819645286,200,
18.81180005148053,200,
2.2035001311451197,200,
13.404000084847212,200,
16.244300175458193,200,
14.726800145581365,200,
15.496900072321296,200,
15.652799978852272,200,
16.455700155347586,200,
2.756000030785799,200,
13.469999888911843,200,
2.327800029888749,200,
27.82190009020269,200,
15.010599978268147,200,
14.679200015962124,200,
15.701900003477931,200,
3.0469000339508057,200,
14.174100011587143,200,
15.942299971356988,200,
28.755499981343746,200,
2.962700091302395,200,
13.502600137144327,200,
15.332299983128905,200,
2.7195001021027565,200,
2.615999896079302,200,
1.7468000296503305,200,
13.744800118729472,200,
23.482999997213483,200,
16.994299832731485,200,
1.9106999970972538,200,
2.8125999961048365,200,
2.118699951097369,200,
11.622400023043156,200,
1.860099844634533,200,
14.134800061583519,200,
26.988300029188395,200,
1.6262999270111322,200,
3.0709998682141304,200,
13.18340003490448,200,
12.396999867632985,200,
15.993400011211634,200,
15.854099998250604,200,
1.8262998200953007,200,
15.568799804896116,200,
14.290600083768368,200,
14.501399826258421,200,
15.590599970892072,200,
2.505300100892782,200,
14.737799996510148,200,
27.591800084337592,200,
15.960900112986565,200,
3.3429001923650503,200,
4.270699806511402,200,
25.482000084593892,200,
26.241499930620193,200,
1.922900089994073,200,
3.8429999258369207,200,
13.223400106653571,200,
28.264700202271342,200,
16.995999962091446,200,
2.3445000406354666,200,
3.8993998896330595,200,
27.55189989693463,200,
26.52970002964139,200,
2.103900071233511,200,
3.0741000082343817,200,
14.276300091296434,200,
13.343499973416328,200,
2.27600010111928,200,
13.203300070017576,200,
15.978700015693903,200,
2.1846999879926443,200,
3.6484000738710165,200,
12.470300076529384,200,
13.875999953597784,200,
15.274100005626678,200,
15.712200198322535,200,
15.55120013654232,200,
15.672700013965368,200,
2.358200028538704,200,
16.84470009058714,200,
14.316200045868754,200,
2.3037998471409082,200,
2.998900134116411,200,
2.02669994905591,200,
25.093600153923035,200,
28.4514999948442,200,
3.377299988642335,200,
12.979499995708466,200,
2.638600068166852,200,
14.845300000160933,200,
27.73229987360537,200,
3.0243999790400267,200,
14.988399809226394,200,
12.512800050899386,200,
2.9904998373240232,200,
14.193400042131543,200,
15.92419994994998,200,
27.250400045886636,200,
2.135500079020858,200,
3.1665998976677656,200,
2.0558000542223454,200,
2.2326000034809113,200,
13.139199931174517,200,
16.49739989079535,200,
23.952800082042813,200,
1.9553001038730145,200,
3.6552001256495714,200,
2.3427000269293785,200,
27.438699966296554,200,
23.293199948966503,200,
2.192400163039565,200,
2.8959999326616526,200,
1.9825000781565905,200,
10.870400117710233,200,
1.8883999437093735,200,
15.267200069501996,200,
27.159000048413873,200,
2.0639998838305473,200,
2.6308000087738037,200,
13.05470010265708,200,
14.172200113534927,200,
2.4834000505506992,200,
16.198899829760194,200,
14.320099959149957,200,
2.0498998928815126,200,
14.259499963372946,200,
15.665499959141016,200,
28.091999934986234,200,
16.009700018912554,200,
15.766600146889687,200,
15.225199982523918,200,
15.227199997752905,200,
2.0822000224143267,200,
16.618499998003244,200,
14.49869992211461,200,
2.247400116175413,200,
3.4805000759661198,200,
1.6644999850541353,200,
10.986599838361144,200,
17.110300017520785,200,
25.187899824231863,200,
2.6962999254465103,200,
15.167900128290057,200,
12.570099905133247,200,
1.8450000789016485,200,
3.366599790751934,200,
2.0834000315517187,200,
2.0131999626755714,200,
12.353700120002031,200,
23.234699852764606,200,
16.441900050267577,200,
2.1878001280128956,200,
13.263399945572019,200,
15.766700031235814,200,
1.7635999247431755,200,
13.613499933853745,200,
15.338400145992637,200,
2.0041000097990036,200,
15.147099969908595,200,
13.792900135740638,200,
16.569300089031458,200,
17.17800018377602,200,
2.48780008405447,200,
13.425599783658981,200,
26.216400088742375,200,
15.98779996857047,200,
16.646600095555186,200,
17.179099842906,200,
2.549000084400177,200,
3.7362000439316034,200,
2.625300083309412,200,
2.6688999496400356,200,
2.683900063857436,200,
2.7002000715583563,200,
2.777599962428212,200,
2.6370000559836626,200,
3.735800040885806,200,
4.437200026586652,200,
15.525200171396136,200,
13.822200009599328,200,
2.5013999547809362,200,
14.695900026708841,200,
12.753300135955215,200,
2.303399844095111,200,
15.522700035944581,200,
12.677500024437904,200,
2.767000114545226,200,
4.167999839410186,200,
12.834399938583374,200,
26.896800147369504,200,
16.14929991774261,200,
2.202100120484829,200,
3.4298000391572714,200,
2.2861999459564686,200,
13.31369997933507,200,
1.8906001932919025,200,
25.77689988538623,200,
13.992800144478679,200,
3.1079999171197414,200,
3.1844000332057476,200,
26.817900128662586,200,
27.35650003887713,200,
2.019499894231558,200,
3.186499932780862,200,
12.748299865052104,200,
1.8656000029295683,200,
1.8573000561445951,200,
1.7784000374376774,200,
27.024400187656283,200,
2.139899879693985,200,
1.9336000550538301,200,
1.8274998292326927,200,
24.869699962437153,200,
24.52579978853464,200,
15.897899866104126,200,
16.592599917203188,200,
17.145799938589334,200,
14.673999976366758,200,
14.707199996337295,200,
2.8968998230993748,200,
4.688400076702237,200,
5.02849998883903,200,
2.5933999568223953,200,
3.4627998247742653,200,
3.226200118660927,200,
2.0745000801980495,200,
1.7856999766081572,200,
2.268000040203333,200,
24.65219981968403,200,
18.995200050994754,200,
16.91829995252192,200,
15.916500007733703,200,
16.498100012540817,200,
1.9685998558998108,200,
3.004699945449829,200,
2.610699972137809,200,
1.8903000745922327,200,
1.6580000519752502,200,
11.251499876379967,200,
16.045100055634975,200,
22.652699844911695,200,
2.3302999325096607,200,
15.388800064101815,200,
13.406099984422326,200,
1.8704000394791365,200,
3.2415001187473536,200,
12.00580014847219,200,
27.730299858376384,200,
17.207900062203407,200,
15.668099978938699,200,
15.558700077235699,200,
2.3888000287115574,200,
13.585700187832117,200,
2.0739000756293535,200,
27.933400124311447,200,
14.960800064727664,200,
15.110400039702654,200,
16.096599865704775,200,
2.6680000592023134,200,
4.133900161832571,200,
2.887899987399578,200,
24.334500078111887,200,
25.6568999029696,200,
2.556100022047758,200,
5.038600182160735,200,
4.233499988913536,200,
3.4875001292675734,200,
2.945000072941184,200,
2.910899929702282,200,
3.0747000128030777,200,
5.025600083172321,200,
5.808399990200996,200,
4.2456998489797115,200,
3.2900997903198004,200,
2.8515998274087906,200,
2.9821000061929226,200,
3.462200053036213,200,
2.230399986729026,200,
3.026300109922886,200,
4.731700057163835,200,
2.598100109025836,200,
2.841999987140298,200,
3.447899827733636,200,
3.759099869057536,200,
3.349500009790063,200,
2.851900178939104,200,
2.745499834418297,200,
3.0686999671161175,200,
4.1825000662356615,200,
3.81499994546175,200,
12.403900036588311,200,
14.0172999817878,200,
1.8851000349968672,200,
3.8157999515533447,200,
2.1334001794457436,200,
1.4753001742064953,200,
1.8835999071598053,200,
1.7891000024974346,200,
2.2162001114338636,200,
1.6795000992715359,200,
15.978900017216802,200,
15.196399996057153,200,
44.72930007614195,200,
11.893299873918295,200,
16.22799993492663,200,
2.6233999524265528,200,
15.020800055935979,200,
13.107300037518144,200,
15.845299931243062,200,
16.3913001306355,200,
2.1600001491606236,200,
12.343500042334199,200,
15.242400113493204,200,
3.4606000408530235,200,
12.83659995533526,200,
16.24620007351041,200,
2.900599967688322,200,
15.430099796503782,200,
13.004400068894029,200,
2.932199975475669,200,
4.506600089371204,200,
3.4654000774025917,200,
23.5427999868989,200,
26.288699824362993,200,
15.161300078034401,200,
16.497000120580196,200,
15.684699872508645,200,
15.692099928855896,200,
15.377100091427565,200,
15.76859992928803,200,
2.0787001121789217,200,
2.74280016310513,200,
2.7743999380618334,200,
3.7269999738782644,200,
5.8830000925809145,200,
3.198400139808655,200,
4.745699930936098,200,
3.702899906784296,200,
3.293900052085519,200,
2.2470999974757433,200,
13.170399935916066,200,
26.10150002874434,200,
17.31280004605651,200,
2.7163000777363777,200,
12.084099929779768,200,
15.651500085368752,200,
2.5794999673962593,200,
14.562899945303798,200,
1.922599971294403,200,
13.49749998189509,200,
28.03799998946488,200,
15.357699943706393,200,
15.262500150129199,200,
2.683199942111969,200,
13.875900069251657,200,
27.48679998330772,200,
16.308699967339635,200,
16.116500133648515,200,
16.770799877122045,200,
1.8960998859256506,200,
2.057099947705865,200,
15.053899958729744,200,
26.595300063490868,200,
16.40440011397004,200,
2.189700026065111,200,
13.694699853658676,200,
15.701500000432134,200,
2.027799841016531,200,
15.393600100651383,200,
13.294999953359365,200,
2.1146999206393957,200,
3.3994000405073166,200,
2.8794000390917063,200,
3.272100118920207,200,
4.091499838978052,200,
2.6499000377953053,200,
2.159199910238385,200,
21.908900002017617,200,
20.313499961048365,200,
2.2006998769938946,200,
15.322300139814615,200,
13.051799964159727,200,
15.558100072667003,200,
15.7217001542449,200,
1.8144999630749226,200,
1.4979999978095293,200,
15.124400146305561,200,
28.851599898189306,200,
17.63669983483851,200,
1.8197998870164156,200,
3.2828999683260918,200,
12.437900062650442,200,
2.6119002141058445,200,
28.497900115326047,200,
14.902800088748336,200,
1.971699995920062,200,
3.022500080987811,200,
11.75810000859201,200,
2.1712000016123056,200,
13.671500142663717,200,
27.29880018159747,200,
14.390500029549003,200,
14.87069996073842,200,
3.319899784401059,200,
14.71369992941618,200,
28.20130018517375,200,
16.980299958959222,200,
15.459200134500861,200,
15.978100011125207,200,
2.064199885353446,200,
3.651300212368369,200,
12.57399981841445,200,
25.660600047558546,200,
15.647100051864982,200,
1.768799964338541,200,
16.372400103136897,200,
14.335599960759282,200,
14.676099875941873,200,
15.35700005479157,200,
2.480199793353677,200,
4.992099944502115,200,
2.937499899417162,200,
2.032899996265769,200,
3.6997999995946884,200,
4.212700063362718,200,
3.3941001165658236,200,
5.924399942159653,200,
15.293600037693977,200,
15.46799996867776,200,
15.432999935001135,200,
15.46039991080761,200,
2.09650001488626,200,
18.095099832862616,200,
15.901300124824047,200,
1.9016999285668135,200,
14.564399840310216,200,
26.639499934390187,200,
14.53320006839931,200,
13.797899940982461,200,
13.787700096145272,200,
2.8693999629467726,200,
5.028600106015801,200,
3.8615998346358538,200,
2.926599932834506,200,
3.4492998383939266,200,
3.790799994021654,200,
20.553699927404523,200,
19.39089992083609,200,
2.61049997061491,200,
12.752800015732646,200,
15.416800044476986,200,
2.001600107178092,200,
3.2186999451369047,200,
3.1714998185634613,200,
3.60319996252656,200,
3.576899878680706,200,
4.442899953573942,200,
2.9182001017034054,200,
2.5023999623954296,200,
4.041800042614341,200,
15.58080012910068,200,
17.643099883571267,200,
2.912800060585141,200,
3.3347001299262047,200,
3.0799000523984432,200,
14.404400018975139,200,
2.611699979752302,200,
2.4022001307457685,200,
2.2885999642312527,200,
3.0727998819202185,200,
4.313099896535277,200,
19.899999955669045,200,
2.7407000306993723,200,
16.964999958872795,200,
14.20679991133511,200,
2.9050998855382204,200,
5.1304001826792955,200,
3.7727998569607735,200,
3.8874999154359102,200,
5.788699956610799,200,
10.161699960008264,200,
8.049099938943982,200,
3.7263999693095684,200,
5.9177998919039965,200,
4.967399872839451,200,
5.56339998729527,200,
4.866699920967221,200,
3.333499887958169,200,
2.3860998917371035,200,
2.6672000531107187,200,
4.798900103196502,200,
3.9862999692559242,200,
26.471199933439493,200,
3.580699907615781,200,
2.6283999904990196,200,
3.0026999302208424,200,
2.3427000269293785,200,
25.682599982246757,200,
5.007699830457568,200,
4.532200051471591,200,
7.413600105792284,200,
6.35869987308979,200,
5.425099981948733,200,
6.210200022906065,200,
8.55749985203147,200,
5.317999981343746,200,
3.297600196674466,200,
4.514400148764253,200,
3.296599956229329,200,
2.9892001766711473,200,
3.2410998828709126,200,
3.298599971458316,200,
3.892200067639351,200,
4.562600050121546,200,
3.836600109934807,200,
2.495099790394306,200,
3.9018001407384872,200,
2.1478000562638044,200,
1.9928999245166779,200,
3.024199977517128,200,
2.001600107178092,200,
1.704599941149354,200,
1.6656999941915274,200,
2.9500999953597784,200,
18.181399907916784,200,
2.5075001176446676,200,
3.2823001965880394,200,
2.723699901252985,200,
2.7532000094652176,200,
3.328099846839905,200,
3.879699856042862,200,
1.9892998971045017,200,
1.913399901241064,200,
2.720799995586276,200,
1.9505000673234463,200,
1.7979000695049763,200,
1.7682001926004887,200,
2.374399919062853,200,
2.090299967676401,200,
4.255800042301416,200,
23.28770002350211,200,
3.747000126168132,200,
5.030700005590916,200,
3.018300049006939,200,
2.5731001514941454,200,
2.2392000537365675,200,
3.3113001845777035,200,
2.323599997907877,200,
1.690200064331293,200,
1.7522999551147223,200,
1.705799950286746,200,
1.9027001690119505,200,
24.938799906522036,200,
22.183299995958805,200,
17.460899893194437,200,
2.1388002205640078,200,
3.458600025624037,200,
3.4509000834077597,200,
2.344300039112568,200,
1.9017001613974571,200,
2.896500052884221,200,
22.56960002705455,200,
24.316800059750676,200,
3.6061001010239124,200,
4.331500036641955,200,
2.9219998978078365,200,
4.469399806112051,200,
4.636799916625023,200,
3.0340999364852905,200,
5.142799811437726,200,
5.498999962583184,200,
2.7532000094652176,200,
24.170999880880117,200,
27.088599978014827,200,
3.6669999826699495,200,
6.991399917751551,200,
4.421799909323454,200,
2.940900158137083,200,
4.178199917078018,200,
3.2780999317765236,200,
15.520100016146898,200,
20.886800019070506,200,
2.3312000557780266,200,
4.085199907422066,200,
2.4417999666184187,200,
22.3747999407351,200,
27.324300026521087,200,
2.852699952200055,200,
2.1198000758886337,200,
14.763100072741508,200,
16.819299897179008,200,
27.34869997948408,200,
4.752600099891424,200,
5.698199849575758,200,
4.330500029027462,200,
6.765099940821528,200,
8.115299977362156,200,
5.957599962130189,200,
5.306500010192394,200,
4.96329995803535,200,
5.860299803316593,200,
6.123500177636743,200,
3.88179998844862,200,
8.352200035005808,200,
7.182599976658821,200,
4.246999975293875,200,
7.235300028696656,200,
8.772300090640783,200,
4.619800020009279,200,
4.886799957603216,200,
3.630999941378832,200,
8.684900123625994,200,
7.132200058549643,200,
4.95630013756454,200,
6.5801001619547606,200,
4.867899930104613,200,
5.490799900144339,200,
6.701299920678139,200,
5.75460004620254,200,
5.6169000454247,200,
4.146900027990341,200,
3.7671001628041267,200,
7.174400147050619,200,
6.724300095811486,200,
4.376600030809641,200,
4.202400101348758,200,
4.290200071409345,200,
4.601199878379703,200,
7.0946000050753355,200,
5.393899977207184,200,
3.2124000135809183,200,
6.729099899530411,200,
6.499200128018856,200,
3.59559990465641,200,
3.2113001216202974,200,
4.701999947428703,200,
23.313899990171194,200,
6.0417999047786,200,
6.348900031298399,200,
4.355099983513355,200,
5.237699951976538,200,
2.685400191694498,200,
4.2952001094818115,200,
4.65509993955493,200,
3.063499927520752,200,
3.1463000923395157,200,
3.2399999909102917,200,
3.702000016346574,200,
3.613799810409546,200,
2.52770003862679,200,
3.0433000065386295,200,
5.961599992588162,200,
7.736200001090765,200,
5.463399924337864,200,
5.637099966406822,200,
6.795999826863408,200,
5.213799886405468,200,
2.794999862089753,200,
2.4683999363332987,200,
4.376099910587072,200,
3.255999879911542,200,
3.643200034275651,200,
3.9530000649392605,200,
3.1203997787088156,200,
3.482700092718005,200,
1.9796001724898815,200,
1.7901998944580555,200,
1.815600087866187,200,
1.7973000649362803,200,
2.070999937132001,200,
15.695700189098716,200,
4.257899941876531,200,
2.6777000166475773,200,
4.497800022363663,200,
2.7391999028623104,200,
2.675299998372793,200,
3.10219987295568,200,
3.050500061362982,200,
2.7628999669104815,200,
3.823899896815419,200,
5.3368001244962215,200,
4.354699980467558,200,
3.6722999066114426,200,
2.6589001063257456,200,
2.330200048163533,200,
2.9519000090658665,200,
3.104599891230464,200,
3.4562000073492527,200,
3.5828000400215387,200,
6.634700112044811,200,
5.6136001367121935,200,
3.156699938699603,200,
3.7682000547647476,200,
1.977900043129921,200,
1.9514001905918121,200,
19.397699972614646,200,
25.320000015199184,200,
3.3688999246805906,200,
4.28909994661808,200,
1.8207000102847815,200,
1.744300127029419,200,
1.7343999352306128,200,
1.846000086516142,200,
25.6481000687927,200,
17.28740008547902,200,
2.8472000267356634,200,
2.547800075262785,200,
2.424200065433979,200,
2.1905999165028334,200,
14.190000016242266,200,
20.949200028553605,200,
17.534299986436963,200,
2.741600153967738,200,
4.7172000631690025,200,
3.488800022751093,200,
22.917099995538592,200,
29.00639991275966,200,
2.7886999305337667,200,
4.522500094026327,200,
3.649200079962611,200,
5.498499842360616,200,
2.8448000084608793,200,
4.648800007998943,200,
4.226099932566285,200,
6.023199995979667,200,
3.5423000808805227,200,
2.863700035959482,200,
5.808699876070023,200,
4.053900018334389,200,
6.769699975848198,200,
6.024800008162856,200,
3.1308000907301903,200,
3.800800070166588,200,
2.292599994689226,200,
3.3045001327991486,200,
3.4509000834077597,200,
25.731199886649847,200,
15.343500068411231,200,
3.1491999980062246,200,
5.050400039181113,200,
3.948100144043565,200,
4.425699822604656,200,
5.690899910405278,200,
6.616799859330058,200,
4.9766001757234335,200,
4.1069998405873775,200,
3.438499988988042,200,
3.746100002899766,200,
3.8099000230431557,200,
3.7073998246341944,200,
10.38470002822578,200,
10.152800008654594,200,
4.067600006237626,200,
4.352000076323748,200,
4.910599905997515,200,
4.92039998061955,200,
4.351799841970205,200,
4.31030010804534,200,
4.723000107333064,200,
3.647400066256523,200,
3.8538998924195766,200,
6.954499986022711,200,
2.9005000833421946,200,
15.487999888136983,200,
2.383700106292963,200,
3.056199988350272,200,
2.662200015038252,200,
2.430400112643838,200,
24.18610011227429,200,
5.192300071939826,200,
3.4835999831557274,200,
6.760400021448731,200,
4.83460002578795,200,
4.122499842196703,200,
4.6709999442100525,200,
7.371600018814206,200,
5.6721000000834465,200,
3.608900122344494,200,
4.857799969613552,200,
3.5969000309705734,200,
3.496600082144141,200,
4.027300048619509,200,
4.430999979376793,200,
4.313100129365921,200,
3.94099997356534,200,
5.243299994617701,200,
4.7154000494629145,200,
4.292899975553155,200,
6.138799944892526,200,
4.68169990926981,200,
3.3391998149454594,200,
4.366299835965037,200,
3.6611000541597605,200,
24.636700050905347,200,
18.619699869304895,200,
2.5066998787224293,200,
4.242499824613333,200,
2.239199820905924,200,
2.1377999801188707,200,
3.3243000507354736,200,
3.8250000216066837,200,
2.353500109165907,200,
2.1805998403578997,200,
2.446299884468317,200,
2.22649984061718,200,
4.595199832692742,200,
27.848900062963367,200,
3.250099951401353,200,
4.775800043717027,200,
2.296699909493327,200,
2.1614001598209143,200,
3.7067001685500145,200,
4.422400146722794,200,
2.4405999574810266,200,
2.379300072789192,200,
26.783199980854988,200,
2.9408999253064394,200,
3.2013999298214912,200,
23.404000094160438,200,
2.857699990272522,200,
2.816499909386039,200,
2.387900138273835,200,
2.281900029629469,200,
2.151000080630183,200,
25.042899884283543,200,
4.056200152263045,200,
5.898399977013469,200,
4.733100067824125,200,
2.7884000446647406,200,
3.946600016206503,200,
3.4568000119179487,200,
3.7035001441836357,200,
5.588299827650189,200,
8.315900107845664,200,
7.83149991184473,200,
5.986399948596954,200,
6.250299979001284,200,
5.218599922955036,200,
3.1030999962240458,200,
2.785000018775463,200,
2.639099955558777,200,
3.0271001160144806,200,
2.0892999600619078,200,
27.33259997330606,200,
2.985000144690275,200,
2.3924000561237335,200,
25.902200024574995,200,
2.261799992993474,200,
25.351000018417835,200,
14.050999889150262,200,
2.988699823617935,200,
4.165400052443147,200,
3.1729000620543957,200,
3.014399902895093,200,
5.168200004845858,200,
6.888599833473563,200,
5.439799977466464,200,
2.0035000052303076,200,
2.0182000007480383,200,
2.005700021982193,200,
1.963599817827344,200,
1.9153999164700508,200,
5.155899794772267,200,
18.190900096669793,200,
6.082000210881233,200,
13.985699974000454,200,
2.4521001614630222,200,
25.781300151720643,200,
15.445299912244081,200,
3.199799917638302,200,
5.2229000721126795,200,
2.872099867090583,200,
2.6831000577658415,200,
3.554399823769927,200,
2.028999850153923,200,
4.143600119277835,200,
2.291399985551834,200,
2.0794000010937452,200,
2.0491001196205616,200,
2.0206000190228224,200,
20.095199812203646,200,
2.3447999265044928,200,
3.3825000282377005,200,
2.1482999436557293,200,
18.39900016784668,200,
2.103199949488044,200,
2.29899981059134,200,
2.3205000907182693,200,
2.170500112697482,200,
1.9171999301761389,200,
1.8501998856663704,200,
23.194400127977133,200,
3.7181999068707228,200,
2.6311001274734735,200,
5.386299919337034,200,
12.284300057217479,200,
16.77899993956089,200,
26.97199978865683,200,
2.5671999901533127,200,
2.1754999179393053,200,
2.4313998874276876,200,
2.0481999963521957,200,
14.638899825513363,200,
21.006899885833263,200,
16.33609994314611,200,
2.7722001541405916,200,
15.76699991710484,200,
13.628700049594045,200,
2.1337999496608973,200,
3.2208000775426626,200,
12.666699942201376,200,
2.0578999537974596,200,
14.650900149717927,200,
28.265600092709064,200,
2.8776999097317457,200,
13.72290006838739,200,
2.3028000723570585,200,
14.418500009924173,200,
27.69130002707243,200,
2.7999000158160925,200,
4.2900999542325735,200,
5.066700046882033,200,
3.676299937069416,200,
2.3602000437676907,200,
2.9555000364780426,200,
4.222200019285083,200,
20.98400006070733,200,
15.981399919837713,200,
3.6649000830948353,200,
5.207499954849482,200,
22.805199958384037,200,
25.07429989054799,200,
3.97789990529418,200,
3.1961998902261257,200,
2.3221001029014587,200,
2.5009000673890114,200,
13.877599965780973,200,
4.496200010180473,200,
12.88990001194179,200,
15.925199957564473,200,
2.2792001254856586,200,
14.63690004311502,200,
12.995600001886487,200,
2.2650999017059803,200,
3.096699947491288,200,
11.6822998970747,200,
16.49469998665154,200,
27.456799987703562,200,
16.233599977567792,200,
16.167900059372187,200,
2.4615000002086163,200,
12.573100160807371,200,
15.305199893191457,200,
2.702499972656369,200,
13.480600202456117,200,
16.07399992644787,200,
2.2233000490814447,200,
16.247499966993928,200,
13.961599906906486,200,
2.186399884521961,200,
14.189600013196468,200,
17.08559994585812,200,
29.203400015830994,200,
3.1788998749107122,200,
2.024599816650152,200,
14.081799890846014,200,
2.0963000133633614,200,
24.972400162369013,200,
14.135299948975444,200,
5.064399912953377,200,
5.7565998286008835,200,
2.618500031530857,200,
4.4698999263346195,200,
4.102699924260378,200,
3.6430000327527523,200,
4.869099939242005,200,
2.362400060519576,200,
15.123500023037195,200,
16.416100086644292,200,
26.223700027912855,200,
2.390399808064103,200,
3.417799947783351,200,
2.3615998215973377,200,
12.730499962344766,200,
2.0763000939041376,200,
26.16670005954802,200,
15.286700101569295,200,
1.9815999548882246,200,
3.5926001146435738,200,
12.431100010871887,200,
27.49420003965497,200,
16.64589997380972,200,
2.1569000091403723,200,
3.929500002413988,200,
11.826699832454324,200,
16.071799909695983,200,
26.593900052830577,200,
15.272800112143159,200,
15.480200061574578,200,
15.545100206509233,200,
16.177000012248755,200,
2.1563000045716763,200,
3.613000037148595,200,
1.9249999895691872,200,
28.558599995449185,200,
25.582399917766452,200,
7.867299951612949,200,
14.601700007915497,200,
2.196699846535921,200,
23.877300089225173,200,
15.022899955511093,200,
2.7737999334931374,200,
13.660799944773316,200,
27.573900064453483,200,
16.49759989231825,200,
15.35209990106523,200,
15.76730003580451,200,
2.25939997471869,200,
14.86009988002479,200,
12.7748001832515,200,
2.639800077304244,200,
32.067300053313375,200,
30.432699946686625,200,
2.707500010728836,200,
13.640699908137321,200,
2.0238999277353287,200,
26.5945999417454,200,
14.480599900707603,200,
2.5351999793201685,200,
12.266800040379167,200,
14.843899989500642,200,
15.301099978387356,200,
15.889100031927228,200,
16.138199949637055,200,
16.861499985679984,200,
2.0719999447464943,200,
2.1231002174317837,200,
3.3144999761134386,200,
3.0892998911440372,200,
14.45610006339848,200,
5.4986001923680305,200,
14.234300004318357,200,
15.996200032532215,200,
7.653099950402975,200,
14.372800011187792,200,
16.969799995422363,200,
23.899100022390485,200,
2.8552000876516104,200,
5.149400094524026,200,
23.58229993842542,200,
26.691700099036098,200,
15.456200111657381,200,
15.318899881094694,200,
2.0015998743474483,200,
3.8177999667823315,200,
3.478699829429388,200,
3.72220017015934,200,
3.448300063610077,200,
3.335600020363927,200,
3.0861999839544296,200,
2.870299853384495,200,
3.085999982431531,200,
3.8723000325262547,200,
2.4034001398831606,200,
2.0115000661462545,200,
12.34630006365478,200,
14.570999890565872,200,
2.009099815040827,200,
13.083599973469973,200,
15.249399933964014,200,
15.458300011232495,200,
15.513400081545115,200,
2.112200018018484,200,
13.120800023898482,200,
15.017800033092499,200,
2.1840000990778208,200,
13.168599922209978,200,
15.525199938565493,200,
1.9096999894827604,200,
1.5273001044988632,200,
14.580899849534035,200,
26.374999899417162,200,
15.997900161892176,200,
17.097100149840117,200,
16.236299881711602,200,
2.8158000204712152,200,
3.8592000491917133,200,
27.10030018351972,200,
26.450800010934472,200,
3.0755000188946724,200,
3.3487998880445957,200,
12.32209987938404,200,
13.855600031092763,200,
2.2230998147279024,200,
4.628700204193592,200,
3.728399984538555,200,
3.7181000225245953,200,
3.3314998727291822,200,
2.9014998581260443,200,
2.6678999420255423,200,
2.8932997956871986,200,
3.08589986525476,200,
15.141600044444203,200,
16.836200142279267,200,
2.288399962708354,200,
15.583900036290288,200,
13.602500082924962,200,
15.041700098663568,200,
15.024400083348155,200,
15.232399804517627,200,
15.203099930658937,200,
15.920800156891346,200,
15.935600036755204,200,
1.9702001009136438,200,
15.308399917557836,200,
13.458499917760491,200,
2.549600088968873,200,
12.11049989797175,200,
14.802500139921904,200,
1.797799952328205,200,
3.3009001053869724,200,
2.036800142377615,200,
1.546800136566162,200,
1.568700186908245,200,
11.735700070858002,200,
16.184200067073107,200,
24.216399993747473,200,
15.03659994341433,200,
15.839499887079,200,
17.010899959132075,200,
16.90670009702444,200,
2.654799958691001,200,
3.268199972808361,200,
1.7985000740736723,200,
25.133300106972456,200,
27.656200109049678,200,
2.681399928405881,200,
4.53479983843863,200,
3.7375001702457666,200,
2.974999835714698,200,
2.861300017684698,200,
2.9076000209897757,200,
2.928700065240264,200,
3.7652000319212675,200,
4.6628001146018505,200,
5.2893999963998795,200,
6.31640013307333,200,
4.773600026965141,200,
3.1437999568879604,200,
3.4996001049876213,200,
7.707600016146898,200,
6.064300192520022,200,
2.5426000356674194,200,
23.571999976411462,200,
26.170199969783425,200,
2.6880998630076647,200,
4.0716000366956,200,
5.551199894398451,200,
4.2236000299453735,200,
2.3610000498592854,200,
22.054200060665607,200,
19.638099940493703,200,
2.165100071579218,200,
4.099000012502074,200,
3.3166001085191965,200,
3.0724999960511923,200,
5.530699854716659,200,
4.313799785450101,200,
18.735499819740653,200,
19.84350010752678,200,
15.378799987956882,200,
16.51560002937913,200,
2.931399969384074,200,
4.555100109428167,200,
2.6684000622481108,200,
2.5707001332193613,200,
3.810199908912182,200,
4.178600152954459,200,
4.534199833869934,200,
2.908600028604269,200,
2.4339999072253704,200,
2.4404001887887716,200,
2.4666001554578543,200,
18.440400017425418,200,
21.46349987015128,200,
16.321999952197075,200,
2.4422998540103436,200,
4.205100005492568,200,
2.0665000192821026,200,
23.291700053960085,200,
27.702700113877654,200,
2.671400085091591,200,
13.882200000807643,200,
16.340099973604083,200,
27.56120008416474,200,
2.329000039026141,200,
3.263200167566538,200,
3.123100148513913,200,
3.513999981805682,200,
3.060299903154373,200,
22.90010009892285,200,
25.087399873882532,200,
14.666799921542406,200,
15.636200085282326,200,
15.443000011146069,200,
15.253599965944886,200,
14.599000103771687,200,
15.205200063064694,200,
2.2418000735342503,200,
13.493800070136786,200,
15.770500060170889,200,
15.467500081285834,200,
16.118800034746528,200,
28.560700127854943,200,
28.675399953499436,200,
2.9664000030606985,200,
4.7865998931229115,200,
13.390599982813,200,
15.212500002235174,200,
2.5506000965833664,200,
4.173999885097146,200,
3.035099944099784,200,
1.7732998821884394,200,
1.945700030773878,200,
26.47050004452467,200,
21.219899877905846,200,
2.958499826490879,200,
4.480700008571148,200,
3.513899864628911,200,
3.301499877125025,200,
3.310200059786439,200,
3.392999991774559,200,
3.6301000509411097,200,
4.883200163021684,200,
5.2269999869167805,200,
4.374299896880984,200,
3.6037000827491283,200,
1.9304000306874514,200,
24.5620000641793,200,
21.563800051808357,200,
3.880700096487999,200,
5.34460018388927,200,
3.5743999760597944,200,
3.9906001184135675,200,
24.009699933230877,200,
21.912399912253022,200,
2.2922998759895563,200,
3.102299990132451,200,
13.580499915406108,200,
12.921799905598164,200,
2.1710998844355345,200,
14.922400005161762,200,
13.275799807161093,200,
2.1198999602347612,200,
3.061200026422739,200,
12.007599929347634,200,
2.7923001907765865,200,
13.71069997549057,200,
27.789099840447307,200,
14.068700140342116,200,
14.836099930107594,200,
1.8256001640111208,200,
2.58390000090003,200,
1.4956002123653889,200,
12.773700058460236,200,
17.32439990155399,200,
27.64730015769601,200,
2.82260007224977,200,
4.255800042301416,200,
12.02940009534359,200,
16.892800107598305,200,
28.016399824991822,200,
2.168599981814623,200,
13.671200023964047,200,
16.536599956452847,200,
2.208299934864044,200,
14.995200093835592,200,
12.514499947428703,200,
2.576499944552779,200,
3.2961000688374043,200,
12.079400010406971,200,
15.627100132405758,200,
27.16349996626377,200,
1.6538999043405056,200,
13.849900104105473,200,
15.670699998736382,200,
15.191799961030483,200,
15.832600183784962,200,
15.785099938511848,200,
15.98009979352355,200,
15.130500076338649,200,
15.890799928456545,200,
1.9287997856736183,200,
14.265000121667981,200,
16.255399910733104,200,
2.5063001085072756,200,
4.758399911224842,200,
3.2155001536011696,200,
2.5937999598681927,200,
2.4689999409019947,200,
4.197099944576621,200,
21.177400136366487,200,
21.100700134411454,200,
1.7817001789808273,200,
3.3857999369502068,200,
12.72229989990592,200,
16.032899962738156,200,
28.096499852836132,200,
15.979500021785498,200,
15.661400044336915,200,
2.573499921709299,200,
3.513599978759885,200,
11.945799924433231,200,
2.193199936300516,200,
15.80880000256002,200,
29.318699846044183,200,
4.107800079509616,200,
6.186999846249819,200,
3.8930000737309456,200,
3.1912000849843025,200,
3.5937000066041946,200,
2.9694000259041786,200,
2.480400027707219,200,
19.141900120303035,200,
15.402100048959255,200,
24.0920998621732,200,
1.9735000096261501,200,
2.9025000985711813,200,
2.728200051933527,200,
2.5977001059800386,200,
12.558500049635768,200,
16.295500099658966,200,
22.284100065007806,200,
2.0270999521017075,200,
3.4873001277446747,200,
12.237699935212731,200,
27.10460009984672,200,
16.71120012179017,200,
14.566799858585,200,
14.664800139144063,200,
15.345799969509244,200,
15.90220001526177,200,
13.896899996325374,200,
14.64130007661879,200,
2.9165998566895723,200,
13.718100031837821,200,
16.342499991878867,200,
1.8076000269502401,200,
13.512300094589591,200,
15.839099884033203,200,
15.130599960684776,200,
15.11799986474216,200,
3.4459999296814203,200,
4.050099989399314,200,
2.271000063046813,200,
23.798400070518255,200,
26.698200032114983,200,
15.199900139123201,200,
15.127100050449371,200,
15.040199970826507,200,
15.588199952617288,200,
1.7847998533397913,200,
14.487399952486157,200,
16.19260013103485,200,
15.491599915549159,200,
15.423299977555871,200,
1.661399845033884,200,
3.0435998924076557,200,
12.499900069087744,200,
14.192100148648024,200,
2.367599867284298,200,
15.590300085023046,200,
13.967999955639243,200,
16.268700128421187,200,
16.12120005302131,200,
2.9641001019626856,200,
3.350599901750684,200,
1.9841999746859074,200,
1.9052999559789896,200,
11.07230014167726,200,
16.147799789905548,200,
24.211500072851777,200,
2.2785000037401915,200,
2.9349999967962503,200,
11.996200075373054,200,
16.67260006070137,200,
27.90859993547201,200,
2.4967999197542667,200,
4.212700063362718,200,
3.006800077855587,200,
2.9194001108407974,200,
2.824899973347783,200,
2.881099935621023,200,
2.897499827668071,200,
3.3166001085191965,200,
6.9015000481158495,200,
6.434600101783872,200,
26.526100002229214,200,
25.40929988026619,200,
2.7471999637782574,200,
15.998000046238303,200,
13.028400018811226,200,
2.287300070747733,200,
4.243900068104267,200,
3.234600182622671,200,
3.0089998617768288,200,
3.422599984332919,200,
3.4262998960912228,200,
2.9593000654131174,200,
2.9186999890953302,200,
3.7299999967217445,200,
3.592299995943904,200,
3.118300111964345,200,
3.3273000735789537,200,
2.1333000622689724,200,
4.110799869522452,200,
1.7113001085817814,200,
23.097200086340308,200,
21.122700069099665,200,
1.9747000187635422,200,
3.10219987295568,200,
12.691300129517913,200,
13.899100013077259,200,
14.663999900221825,200,
15.350099885836244,200,
14.629099983721972,200,
14.582899864763021,200,
1.836300129070878,200,
13.980899937450886,200,
15.69309993647039,200,
2.542800037190318,200,
13.358100084587932,200,
17.12409988977015,200,
28.255400015041232,200,
3.0606999062001705,200,
3.855000017210841,200,
2.8393000829964876,200,
25.89079993776977,200,
27.80479984357953,200,
3.1375999096781015,200,
13.207999989390373,200,
15.897200210019946,200,
26.77219989709556,200,
3.198800142854452,200,
3.9643000345677137,200,
2.9703001491725445,200,
3.2151001505553722,200,
24.751999881118536,200,
23.48810015246272,200,
2.1911999210715294,200,
4.19760006479919,200,
2.019499894231558,200,
11.860999977216125,200,
23.616400081664324,200,
15.954499831423163,200,
2.462799893692136,200,
3.6871000193059444,200,
3.1496998853981495,200,
3.2361000776290894,200,
3.7950000260025263,200,
3.9905000012367964,200,
3.4529000986367464,200,
3.365499898791313,200,
3.5133000928908587,200,
3.2197001855820417,200,
2.9637999832630157,200,
2.7769000735133886,200,
2.9607999604195356,200,
3.4995998721569777,200,
3.8081000093370676,200,
3.680399851873517,200,
3.4197999630123377,200,
3.377599874511361,200,
3.073199884966016,200,
2.7445999439805746,200,
2.816899912431836,200,
2.909200033172965,200,
2.8104002121835947,200,
2.7236000169068575,200,
4.184700082987547,200,
2.9420999344438314,200,
17.748399870470166,200,
17.940300051122904,200,
15.650500077754259,200,
16.246299957856536,200,
2.487699966877699,200,
15.540699940174818,200,
13.694599969312549,200,
2.325400011613965,200,
15.890599926933646,200,
14.207000145688653,200,
2.4842999409884214,200,
13.008299982175231,200,
2.239700173959136,200,
14.12000018171966,200,
27.34340005554259,200,
16.356199979782104,200,
16.455500153824687,200,
2.8113999869674444,200,
13.486600015312433,200,
27.10920013487339,200,
16.914600040763617,200,
1.9354999531060457,200,
3.1031998805701733,200,
12.58899993263185,200,
13.771799858659506,200,
15.019600046798587,200,
15.611799899488688,200,
2.375299809500575,200,
14.7964998614043,200,
13.264999957755208,200,
15.565600013360381,200,
16.270400024950504,200,
2.090899972245097,200,
12.707100016996264,200,
15.282999956980348,200,
16.512300120666623,200,
16.909199999645352,200,
1.8623999785631895,200,
14.892299892380834,200,
13.349599903449416,200,
2.4436998646706343,200,
12.859900016337633,200,
15.251600183546543,200,
3.048800164833665,200,
1.5974000561982393,200,
14.590000035241246,200,
17.661900026723742,200,
28.258500155061483,200,
3.2116000074893236,200,
4.311199998483062,200,
2.7203999925404787,200,
3.2444000244140625,200,
2.230099868029356,200,
1.98379997164011,200,
21.197699941694736,200,
19.7393000125885,200,
3.169100033119321,200,
4.4102000538259745,200,
25.315199978649616,200,
27.143800165504217,200,
2.522400114685297,200,
3.05830012075603,200,
13.70800007134676,200,
14.055700041353703,200,
15.057400101795793,200,
15.259900130331516,200,
1.922499854117632,200,
15.384099911898375,200,
14.085800154134631,200,
15.599400037899613,200,
15.624399995431304,200,
1.9914999138563871,200,
13.654200127348304,200,
16.24289993196726,200,
2.3584000300616026,200,
3.861699951812625,200,
3.2766000367701054,200,
3.252799855545163,200,
3.7932998966425657,200,
3.6961999721825123,200,
2.8824000619351864,200,
2.5499998591840267,200,
14.858500100672245,200,
22.260300116613507,200,
2.691800007596612,200,
13.849300099536777,200,
28.002799954265356,200,
16.870500054210424,200,
2.359700156375766,200,
3.7312000058591366,200,
11.827999958768487,200,
2.975099952891469,200,
13.831599848344922,200,
27.359799947589636,200,
2.8146998956799507,200,
3.8126001600176096,200,
2.0134998485445976,200,
25.555799948051572,200,
22.531599970534444,200,
2.7487000916153193,200,
5.141100147739053,200,
2.7709000278264284,200,
2.408799948170781,200,
1.7373999580740929,200,
1.7917999066412449,200,
18.93329992890358,200,
25.71569988504052,200,
2.579400083050132,200,
3.7144001107662916,200,
3.699100110679865,200,
4.0113001596182585,200,
4.4617000967264175,200,
2.8860000893473625,200,
18.908899975940585,200,
19.64859990403056,200,
2.2682000417262316,200,
3.1845001503825188,200,
2.6032000314444304,200,
3.9492000360041857,200,
4.72090020775795,200,
4.116999916732311,200,
4.482900025323033,200,
3.250399837270379,200,
12.245299993082881,200,
18.28439999371767,200,
2.0697000436484814,200,
3.6118999123573303,200,
1.865800004452467,200,
11.978799942880869,200,
2.2571999579668045,200,
1.858999952673912,200,
2.067500026896596,200,
24.56080005504191,200,
16.576800029724836,200,
26.630100095644593,200,
2.4538999423384666,200,
3.1546999234706163,200,
27.809299994260073,200,
26.753300102427602,200,
3.4141000360250473,200,
5.2541999612003565,200,
2.952700015157461,200,
2.9078000225126743,200,
3.139000153169036,200,
3.21820005774498,200,
4.851700039580464,200,
3.9767001289874315,200,
3.3312998712062836,200,
4.441000055521727,200,
3.593600122258067,200,
3.0853000935167074,200,
2.820999827235937,200,
3.2424998935312033,200,
2.7735999319702387,200,
3.4382001031190157,200,
3.7008998915553093,200,
2.377399941906333,200,
2.085600048303604,200,
18.078200053423643,200,
1.8409998156130314,200,
1.9842998590320349,200,
2.4977000430226326,200,
2.207700163125992,200,
2.0105999428778887,200,
2.317100064828992,200,
22.77110004797578,200,
3.7097998429089785,200,
3.4222998656332493,200,
2.684500068426132,200,
3.0493000522255898,200,
4.163600038737059,200,
3.77509999088943,200,
3.330700099468231,200,
3.1769999768584967,200,
2.698899945244193,200,
2.2279000841081142,200,
20.921899937093258,200,
2.127199899405241,200,
28.264400083571672,200,
15.447999816387892,200,
2.085800049826503,200,
2.039700048044324,200,
14.01650020852685,200,
2.3801999632269144,200,
26.4228000305593,200,
13.829200062900782,200,
2.543600043281913,200,
4.04009991325438,200,
2.258199965581298,200,
2.3338000755757093,200,
2.836999949067831,200,
4.55900002270937,200,
29.195700073614717,200,
15.384499914944172,200,
2.8629000298678875,200,
2.715500071644783,200,
2.683900063857436,200,
3.559600096195936,200,
3.001200035214424,200,
14.482000144198537,200,
30.495299957692623,200,
3.705899929627776,200,
6.171500077471137,200,
4.040000028908253,200,
3.8211001083254814,200,
3.6510999780148268,200,
9.776599938049912,200,
9.786200011149049,200,
5.421499954536557,200,
4.3068998493254185,200,
3.633700078353286,200,
5.430900026112795,200,
4.3828000780195,200,
3.7042000330984592,200,
3.1441000755876303,200,
3.1301002018153667,200,
1.832399982959032,200,
1.8394999206066132,200,
3.3964000176638365,200,
2.459299983456731,200,
2.219799906015396,200,
1.9266000017523766,200,
1.8140999600291252,200,
1.858399948105216,200,
22.943099960684776,200,
3.4664999693632126,200,
2.343399915844202,200,
2.594900084659457,200,
2.1832999773323536,200,
2.612299984320998,200,
1.876399852335453,200,
14.98940004967153,200,
3.6769998259842396,200,
2.026099944487214,200,
3.450399963185191,200,
2.878400031477213,200,
3.2748000230640173,200,
2.9541999101638794,200,
2.6241999585181475,200,
2.7709000278264284,200,
2.6853999588638544,200,
2.879000036045909,200,
6.221099989488721,200,
6.5725999884307384,200,
3.335400018841028,200,
2.394199836999178,200,
2.3963002022355795,200,
2.5502999778836966,200,
13.623200124129653,200,
27.069499948993325,200,
2.3034000769257545,200,
3.51010006852448,200,
2.256199950352311,200,
2.7173999696969986,200,
3.1696001533418894,200,
2.317399950698018,200,
3.0338000506162643,200,
4.4837999157607555,200,
2.748900093138218,200,
1.8592001870274544,200,
1.7931999173015356,200,
1.7835998442023993,200,
18.07109988294542,200,
2.1484000608325005,200,
1.8137998413294554,200,
1.720899948850274,200,
1.7256999853998423,200,
1.7178000416606665,200,
23.191099986433983,200,
2.290199976414442,200,
1.827100059017539,200,
1.80460000410676,200,
1.7387999687343836,200,
1.72180007211864,200,
1.738299848511815,200,
1.7142000142484903,200,
22.683599963784218,200,
5.199400009587407,200,
3.853699890896678,200,
1.824299804866314,200,
1.7382001969963312,200,
1.7322998028248549,200,
1.7029999289661646,200,
1.7279998864978552,200,
12.518199859187007,200,
10.037800064310431,200,
9.586999891325831,200,
3.237399971112609,200,
2.2098999470472336,200,
2.077300101518631,200,
2.55730003118515,200,
1.9731000065803528,200,
1.9920000340789557,200,
1.8869999330490828,200,
1.9427998922765255,200,
21.07280003838241,200,
2.5243000127375126,200,
2.582699991762638,200,
2.1558001171797514,200,
2.074499847367406,200,
1.918399939313531,200,
1.7782000359147787,200,
19.427400082349777,200,
3.691599937155843,200,
3.471900010481477,200,
2.506399992853403,200,
2.073500072583556,200,
1.8315000925213099,200,
1.701100030913949,200,
1.84449995867908,200,
13.212500140070915,200,
16.988199902698398,200,
15.801399946212769,200,
2.118099946528673,200,
1.7969999462366104,200,
1.9152997992932796,200,
15.065599931403995,200,
16.396400053054094,200,
25.58310003951192,200,
14.619600027799606,200,
15.076299896463752,200,
2.594000194221735,200,
3.7187000270932913,200,
11.430999962612987,200,
16.24120003543794,200,
26.946699945256114,200,
2.514899941161275,200,
15.75829996727407,200,
13.924000086262822,200,
2.543600043281913,200,
1.7907998990267515,200,
1.845099963247776,200,
1.6876000445336103,200,
14.561900170519948,200,
15.633000060915947,200,
22.81250013038516,200,
16.198899829760194,200,
16.89879992045462,200,
2.9353999998420477,200,
12.79769977554679,200,
26.567199965938926,200,
17.161699943244457,200,
2.9833000153303146,200,
4.084100015461445,200,
2.601600019261241,200,
3.0963998287916183,200,
2.2238001693040133,200,
23.589800111949444,200,
19.366199849173427,200,
2.935099881142378,200,
12.791800079867244,200,
15.88870002888143,200,
2.747700084000826,200,
4.150699824094772,200,
27.151899877935648,200,
25.77559999190271,200,
2.9774000868201256,200,
4.529100144281983,200,
3.6832999903708696,200,
24.039600044488907,200,
26.025000028312206,200,
2.724600024521351,200,
14.096800005063415,200,
15.582599909976125,200,
27.57730009034276,200,
2.6805000379681587,200,
3.2229002099484205,200,
11.91210001707077,200,
3.6512999795377254,200,
27.92019979096949,200,
13.40379985049367,200,
2.4268999695777893,200,
3.6832999903708696,200,
12.006999924778938,200,
26.351199951022863,200,
16.187199857085943,200,
2.057699952274561,200,
4.288200056180358,200,
3.5427999682724476,200,
2.6807000394910574,200,
26.291799964383245,200,
25.56360000744462,200,
2.381599973887205,200,
12.83769984729588,200,
15.284700086340308,200,
2.3580999113619328,200,
12.18960015103221,200,
14.742699917405844,200,
2.1654998417943716,200,
1.594700152054429,200,
16.044900054112077,200,
12.790899956598878,200,
3.36350011639297,200,
3.266399959102273,200,
1.7699000891298056,200,
3.2563998829573393,200,
25.807299884036183,200,
24.750399868935347,200,
2.6977001689374447,200,
4.2813001200556755,200,
2.7324999682605267,200,
2.586199901998043,200,
1.784800086170435,200,
26.528199901804328,200,
23.332800017669797,200,
2.00009997934103,200,
3.6145001649856567,200,
1.7973999492824078,200,
26.92229999229312,200,
24.154999991878867,200,
2.1011000499129295,200,
4.46099997498095,200,
3.189800074324012,200,
26.543499901890755,200,
25.38440003991127,200,
2.7595998253673315,200,
14.199899975210428,200,
16.51750016026199,200,
27.936199912801385,200,
1.8990000244230032,200,
12.785499915480614,200,
14.756199903786182,200,
15.539300162345171,200,
15.547099988907576,200,
15.02489997074008,200,
15.436500078067183,200,
14.677800005301833,200,
14.660400105640292,200,
2.0662001334130764,200,
3.7378999404609203,200,
2.6511000469326973,200,
2.493400126695633,200,
2.725900150835514,200,
2.7797999791800976,200,
3.3259999472647905,200,
5.1241000182926655,200,
4.5288000255823135,200,
6.098099984228611,200,
13.153299922123551,200,
2.8085000813007355,200,
2.7435000520199537,200,
27.021000161767006,200,
25.8436999283731,200,
16.822699923068285,200,
4.9819000996649265,200,
5.633099935948849,200,
3.203099826350808,200,
4.716200055554509,200,
4.2153000831604,200,
6.696099881082773,200,
7.445499999448657,200,
27.496999828144908,200,
24.731199955567718,200,
3.7129998672753572,200,
5.454400088638067,200,
4.073100164532661,200,
3.9325000252574682,200,
3.1737000681459904,200,
3.510500071570277,200,
4.8634998966008425,200,
3.1981999054551125,200,
15.435700071975589,200,
1.8434999510645866,200,
25.42710001580417,200,
14.351199846714735,200,
2.0944999996572733,200,
3.7384999450296164,200,
1.7135001253336668,200,
13.455400010570884,200,
1.9205000717192888,200,
14.809600077569485,200,
27.470799861475825,200,
2.225399948656559,200,
12.930199969559908,200,
16.105999937281013,200,
2.6839999482035637,200,
14.242199948057532,200,
12.467100052163005,200,
2.652699826285243,200,
3.7042000330984592,200,
26.177499908953905,200,
27.715499978512526,200,
2.449100138619542,200,
14.146399917080998,200,
28.557500103488564,200,
17.594499979168177,200,
2.441300079226494,200,
2.1544001065194607,200,
13.204599963501096,200,
25.801700074225664,200,
17.0735998544842,200,
14.570500003173947,200,
15.002400148659945,200,
2.36909999512136,200,
2.326600020751357,200,
14.961000066250563,200,
16.53779996559024,200,
27.29120012372732,200,
2.736700000241399,200,
14.129600021988153,200,
2.132199937477708,200,
13.35690007545054,200,
27.477300027385354,200,
14.620699919760227,200,
14.797599986195564,200,
2.333899959921837,200,
4.610100062564015,200,
11.69099984690547,200,
16.09660009853542,200,
26.309699984267354,200,
16.11720002256334,200,
16.07420016080141,200,
2.6738999877125025,200,
4.09789988771081,200,
25.648399954661727,200,
27.74589997716248,200,
14.922100119292736,200,
14.66380013152957,200,
2.4453001096844673,200,
3.992500016465783,200,
11.932799825444818,200,
16.635200008749962,200,
27.50610001385212,200,
2.082700142636895,200,
2.000299980863929,200,
15.1655999943614,200,
2.5075001176446676,200,
13.558799866586924,200,
27.296700049191713,200,
2.0904999691993,200,
13.346200110390782,200,
16.06500009074807,200,
15.81920008175075,200,
15.95850009471178,200,
15.417099930346012,200,
16.003499971702695,200,
1.8985001370310783,200,
12.857999885454774,200,
15.445400029420853,200,
15.007200185209513,200,
15.69419982843101,200,
1.8714000470936298,200,
15.84140001796186,200,
14.575399924069643,200,
2.0764998625963926,200,
1.4326998498290777,200,
14.576999936252832,200,
16.098399879410863,200,
27.76410011574626,200,
2.368600107729435,200,
4.165899939835072,200,
2.879499923437834,200,
1.7971000634133816,200,
3.5643998999148607,200,
1.5986999496817589,200,
2.839599968865514,200,
21.92169986665249,200,
21.378299919888377,200,
14.142500003799796,200,
14.455199940130115,200,
2.2817000281065702,200,
16.5629000402987,200,
13.860399834811687,200,
3.0144997872412205,200,
4.107000073418021,200,
2.700699958950281,200,
1.6948999837040901,200,
24.98359978199005,200,
22.027499973773956,200,
2.202600007876754,200,
16.0844000056386,200,
13.940600212663412,200,
2.1801998373121023,200,
3.3702999353408813,200,
2.211000071838498,200,
2.2738000843673944,200,
11.580799939110875,200,
1.9555999897420406,200,
14.097100123763084,200,
22.046499885618687,200,
2.400199882686138,200,
15.6914999242872,200,
13.956800103187561,200,
15.06939996033907,200,
15.101799974218011,200,
1.8802001141011715,200,
2.7636000886559486,200,
1.5340999234467745,200,
12.944500194862485,200,
26.44489984959364,200,
16.548600047826767,200,
2.4691999424248934,200,
13.24659981764853,200,
17.037499928846955,200,
28.314199997112155,200,
2.5826001074165106,200,
2.0447000861167908,200,
13.454200001433492,200,
15.582199906930327,200,
24.527700152248144,200,
2.003599889576435,200,
14.527400024235249,200,
13.303599786013365,200,
14.667599927634,200,
14.651599805802107,200,
1.7746000085026026,200,
14.29640012793243,200,
16.17339998483658,200,
2.416500123217702,200,
15.187000157311559,200,
13.28409998677671,200,
15.350200003013015,200,
15.525799943134189,200,
15.578499995172024,200,
16.43700012937188,200,
2.4615000002086163,200,
15.775700099766254,200,
14.09200020134449,200,
2.1709001157432795,200,
4.061599960550666,200,
3.072699997574091,200,
3.1631002202630043,200,
3.1898999586701393,200,
3.790199989452958,200,
5.74259995482862,200,
3.0623001512140036,200,
4.2813001200556755,200,
1.6181000974029303,200,
13.454100117087364,200,
27.291799895465374,200,
16.57039998099208,200,
2.9235000256448984,200,
13.68710002861917,200,
8.418899960815907,200,
25.403699837625027,200,
16.27710019238293,200,
22.430799901485443,200,
2.625799970701337,200,
13.771899975836277,200,
26.497199898585677,200,
15.849600080400705,200,
1.7874999903142452,200,
3.149899886921048,200,
2.7994001284241676,200,
3.0894000083208084,200,
2.1244999952614307,200,
26.636900147423148,200,
19.921000115573406,200,
15.255300095304847,200,
15.904500149190426,200,
1.8295000772923231,200,
3.19760013371706,200,
1.5541999600827694,200,
13.434699969366193,200,
15.794700011610985,200,
26.76069992594421,200,
16.093899961560965,200,
16.323199961334467,200,
16.395300161093473,200,
17.221299931406975,200,
15.201600035652518,200,
15.102500095963478,200,
2.6814001612365246,200,
4.17970004491508,200,
25.732599897310138,200,
27.23790006712079,200,
3.1745999585837126,200,
4.171099979430437,200,
2.1579000167548656,200,
11.35660009458661,200,
24.67319997958839,200,
17.116300063207746,200,
15.543899964541197,200,
15.59809991158545,200,
2.068399917334318,200,
2.258199965581298,200,
14.321499969810247,200,
2.559599932283163,200,
13.539500068873167,200,
26.222100015729666,200,
1.7124000005424023,200,
14.997199876233935,200,
14.101899927482009,200,
2.031800104305148,200,
1.4926998410373926,200,
15.40229981765151,200,
12.493800139054656,200,
1.6061998903751373,200,
14.372200006619096,200,
16.208000015467405,200,
2.2414999548345804,200,
4.30209981277585,200,
3.230900038033724,200,
3.106100019067526,200,
4.253200022503734,200,
3.600900061428547,200,
6.611700169742107,200,
2.4343999102711678,200,
3.6231998819857836,200,
1.434599980711937,200,
1.825900049880147,200,
1.3694001827389002,200,
13.726500095799565,200,
2.323599997907877,200,
24.396499851718545,200,
14.666100032627583,200,
2.7354999911040068,200,
4.460899857804179,200,
2.452499931678176,200,
1.7272999975830317,200,
25.300800101831555,200,
23.092899937182665,200,
15.325400047004223,200,
16.344500007107854,200,
2.1967999637126923,200,
12.772700050845742,200,
14.964500209316611,200,
14.74489993415773,200,
15.199200017377734,200,
2.4660001508891582,200,
12.863800162449479,200,
16.146000009030104,200,
2.4252999573946,200,
2.0928001031279564,200,
14.197200071066618,200,
24.77939985692501,200,
14.989000046625733,200,
2.0332999993115664,200,
15.56420000270009,200,
14.017999870702624,200,
2.1512999664992094,200,
4.2727000545710325,200,
3.5014001186937094,200,
3.956899978220463,200,
3.3300002105534077,200,
6.06440007686615,200,
3.4106001257896423,200,
3.9584001060575247,200,
2.3724997881799936,200,
3.1886999495327473,200,
25.234099943190813,200,
27.457900112494826,200,
3.631400177255273,200,
14.562500175088644,200,
16.688999952748418,200,
28.34889991208911,200,
15.225599985569715,200,
16.01640018634498,200,
13.30769993364811,200,
13.109700055792928,200,
2.6677001733332872,200,
14.752099988982081,200,
15.660400036722422,200,
27.54439995624125,200,
2.092299982905388,200,
3.335100132972002,200,
4.100400023162365,200,
4.067200003191829,200,
24.304700084030628,200,
23.11869990080595,200,
1.917900051921606,200,
3.077100031077862,200,
2.2332000080496073,200,
2.492399886250496,200,
26.63719980046153,200,
25.912099983543158,200,
14.948399970307946,200,
16.6682000271976,200,
15.362099977210164,200,
16.97320002131164,200,
15.071399975568056,200,
15.740100061520934,200,
1.8615999724715948,200,
14.092800207436085,200,
16.38779998756945,200,
5.539000034332275,200,
6.319199921563268,200,
24.790999945253134,200,
24.11709981970489,200,
2.47549987398088,200,
12.729099951684475,200,
15.8825998660177,200,
2.746300073340535,200,
4.904899979010224,200,
5.264499923214316,200,
5.044199991971254,200,
3.057100111618638,200,
2.7318999636918306,200,
3.610700136050582,200,
4.804200027137995,200,
4.467600025236607,200,
12.526300037279725,200,
16.309300204738975,200,
27.066899929195642,200,
1.6685000155121088,200,
3.974399995058775,200,
3.9609000086784363,200,
27.099199825897813,200,
25.622399989515543,200,
2.554400125518441,200,
13.00989999435842,200,
15.594399999827147,200,
1.6556999180465937,200,
15.436100075021386,200,
13.831500196829438,200,
14.278300106525421,200,
15.435100067406893,200,
1.837400021031499,200,
13.856499921530485,200,
16.929799923673272,200,
2.4667999241501093,200,
4.417699994519353,200,
13.431099941954017,200,
26.487200055271387,200,
14.804000034928322,200,
2.538100117817521,200,
13.420599978417158,200,
16.093899961560965,200,
1.9308999180793762,200,
1.7766000237315893,200,
14.537699986249208,200,
2.3309001699090004,200,
26.72489988617599,200,
14.277599984779954,200,
2.536900108680129,200,
3.120000008493662,200,
12.464399915188551,200,
17.06340000964701,200,
29.040199937298894,200,
14.074699953198433,200,
13.993400149047375,200,
2.8377000708132982,200,
3.940899856388569,200,
11.669999919831753,200,
16.10799995251,200,
26.846399996429682,200,
15.418699942529202,200,
15.940200071781874,200,
15.414300141856074,200,
15.418299939483404,200,
2.1448000334203243,200,
13.18439980968833,200,
15.904000028967857,200,
2.3339001927524805,200,
3.656699787825346,200,
11.77119999192655,200,
26.952800108119845,200,
16.30899985320866,200,
14.69719992019236,200,
15.13190008699894,200,
15.715999994426966,200,
15.74769988656044,200,
1.958400011062622,200,
14.51359991915524,200,
12.827599886804819,200,
16.009100014343858,200,
15.758599853143096,200,
3.1771999783813953,200,
13.180899899452925,200,
2.451099921017885,200,
26.16659994237125,200,
13.70640005916357,200,
3.1933998689055443,200,
3.7712999619543552,200,
2.714900067076087,200,
26.47370006889105,200,
24.130000034347177,200,
2.5876001454889774,200,
13.132800115272403,200,
15.955999959260225,200,
2.2188001312315464,200,
13.459200039505959,200,
16.2947999779135,200,
1.9917001482099295,200,
3.0776001513004303,200,
2.170699881389737,200,
2.9334998689591885,200,
2.466700039803982,200,
22.172699915245175,200,
26.637299917638302,200,
1.9606000278145075,200,
14.36999998986721,200,
12.605799827724695,200,
2.030799863860011,200,
13.678899966180325,200,
15.572200063616037,200,
2.166799968108535,200,
12.715799966827035,200,
15.356000047177076,200,
2.3425999097526073,200,
15.011199982836843,200,
12.971699936315417,200,
2.4037999100983143,200,
3.059400012716651,200,
13.952299952507019,200,
13.561500003561378,200,
14.51799995265901,200,
15.228600008413196,200,
2.77009978890419,200,
13.812300050631166,200,
15.841499902307987,200,
27.384900022298098,200,
4.06969990581274,200,
4.761999938637018,200,
2.5111001450568438,200,
4.4340998865664005,200,
1.972300000488758,200,
1.9654999487102032,200,
3.395299892872572,200,
1.9937998149544,200,
2.354700118303299,200,
22.822999861091375,200,
2.1705999970436096,200,
25.44340002350509,200,
37.479099817574024,200,
20.770200062543154,200,
21.277200197800994,200,
2.466500038281083,200,
15.678300056606531,200,
13.13849980942905,200,
1.945599913597107,200,
3.3870001789182425,200,
2.9198999982327223,200,
2.7322000823915005,200,
2.5179001968353987,200,
2.2362000308930874,200,
2.926400164142251,200,
2.681999932974577,200,
1.7555002123117447,200,
1.843299949541688,200,
1.623600022867322,200,
24.255699943751097,200,
16.173100098967552,200,
23.235100088641047,200,
3.1163999810814857,200,
3.238299861550331,200,
2.2863999474793673,200,
28.490500058978796,200,
26.25280013307929,200,
3.6585999187082052,200,
6.383400177583098,200,
4.226099932566285,200,
3.674600040540099,200,
3.2365000806748867,200,
4.544199910014868,200,
1.94089999422431,200,
19.176200032234192,200,
2.7441000565886497,200,
28.128699865192175,200,
14.60300013422966,200,
5.5321999825537205,200,
5.46130002476275,200,
2.2780001163482666,200,
1.896000001579523,200,
1.9304999150335789,200,
23.555199848487973,200,
17.42120017297566,200,
2.02069990336895,200,
4.71000000834465,200,
3.9955999236553907,200,
4.078299971297383,200,
3.1860999297350645,200,
2.483600052073598,200,
3.047599922865629,200,
3.0024999286979437,200,
4.439400043338537,200,
3.2806999515742064,200,
2.4829001631587744,200,
2.545200055465102,200,
2.1476999390870333,200,
1.7585998866707087,200,
2.3264000192284584,200,
2.1100000012665987,200,
14.164899941533804,200,
27.882799971848726,200,
2.1069999784231186,200,
3.5819001495838165,200,
3.9936001412570477,200,
2.8391999658197165,200,
4.099400015547872,200,
3.7407001946121454,200,
2.947600092738867,200,
5.5951999966055155,200,
16.768999863415956,200,
14.774999814108014,200,
2.6310000102967024,200,
3.8219999987632036,200,
3.565200138837099,200,
3.772200085222721,200,
3.0137000139802694,200,
3.147799987345934,200,
8.555599953979254,200,
1.8654998857527971,200,
1.7338998150080442,200,
18.467099871486425,200,
1.9916999153792858,200,
1.769200200214982,200,
1.7801998183131218,200,
1.7357999458909035,200,
1.810200046747923,200,
1.8007000908255577,200,
1.828499836847186,200,
19.21980013139546,200,
4.552300088107586,200,
5.595899885520339,200,
3.280600067228079,200,
2.1778999362140894,200,
3.110900055617094,200,
2.6482001412659883,200,
22.12680014781654,200,
21.246799966320395,200,
3.078700043261051,200,
4.132299916818738,200,
2.286599949002266,200,
22.752000018954277,200,
26.887200074270368,200,
2.1150000393390656,200,
3.5725999623537064,200,
1.6749000642448664,200,
2.0594000816345215,200,
2.0079000387340784,200,
1.9143999088555574,200,
2.0285998471081257,200,
13.2232999894768,200,
3.653499996289611,200,
15.800199937075377,200,
14.555600006133318,200,
2.3181000724434853,200,
4.700900055468082,200,
2.3849999997764826,200,
24.99920013360679,200,
25.80390009097755,200,
16.25950005836785,200,
17.025599954649806,200,
2.584100002422929,200,
15.102500095963478,200,
13.184199808165431,200,
15.084999846294522,200,
15.483699971809983,200,
2.772600157186389,200,
4.3207998387515545,200,
3.3378000371158123,200,
3.2748000230640173,200,
3.2556999940425158,200,
3.0143000185489655,200,
3.169200150296092,200,
5.4206999484449625,200,
4.038400016725063,200,
2.2446000948548317,200,
3.586800070479512,200,
2.11610016413033,200,
23.761100135743618,200,
27.093700133264065,200,
2.665999811142683,200,
4.542400129139423,200,
25.787699967622757,200,
27.68240007571876,200,
15.230200020596385,200,
15.285899862647057,200,
16.237499890848994,200,
16.25439990311861,200,
14.696899801492691,200,
14.700900064781308,200,
2.543599810451269,200,
4.639300052076578,200,
3.4966999664902687,200,
2.921900013461709,200,
5.104700103402138,200,
2.449300140142441,200,
3.3994000405073166,200,
1.8360000103712082,200,
19.11409990862012,200,
2.2632000036537647,200,
27.678600046783686,200,
13.79649993032217,200,
15.71680000051856,200,
16.17770013399422,200,
2.6362999342381954,200,
14.196199830621481,200,
15.737799927592278,200,
27.88199996575713,200,
2.9551999177783728,200,
13.582200044766068,200,
2.1416000090539455,200,
14.32280009612441,200,
27.62910001911223,200,
2.4489001370966434,200,
4.684400046244264,200,
12.194199953228235,200,
16.395899932831526,200,
26.407900033518672,200,
2.177399815991521,200,
3.8767000660300255,200,
3.168300027027726,200,
3.2383000943809748,200,
25.779299903661013,200,
24.464299902319908,200,
2.6865999680012465,200,
4.593399818986654,200,
3.364899894222617,200,
1.9838998559862375,200,
22.608699975535274,200,
26.96929988451302,200,
14.880399918183684,200,
14.90060007199645,200,
15.14029991813004,200,
15.845600049942732,200,
1.6913998406380415,200,
1.6072001308202744,200,
14.781199861317873,200,
27.718400117009878,200,
16.84989989735186,200,
14.83649993315339,200,
15.608499990776181,200,
16.020999988541007,200,
16.78210007958114,200,
2.35580001026392,200,
3.3663997892290354,200,
27.008699951693416,200,
25.836900109425187,200,
15.355200041085482,200,
15.319699887186289,200,
15.21310000680387,200,
15.472900122404099,200,
1.5656999312341213,200,
13.02940002642572,200,
15.41190012358129,200,
15.702300006523728,200,
16.269200015813112,200,
15.719899907708168,200,
15.900499885901809,200,
3.0774001497775316,200,
4.104499937966466,200,
25.262200040742755,200,
26.85590018518269,200,
2.494900021702051,200,
4.112600116059184,200,
2.0106001757085323,200,
2.034100005403161,200,
2.1051999647170305,200,
2.4371000472456217,200,
11.93269994109869,200,
4.90709999576211,200,
4.679200006648898,200,
3.286499995738268,200,
3.2550999894738197,200,
2.0103000570088625,200,
1.8766999710351229,200,
2.5589000433683395,200,
17.69810006953776,200,
26.263999985530972,200,
2.6645001489669085,200,
2.0779999904334545,200,
24.585300125181675,200,
29.3186001945287,200,
4.9802998546510935,200,
7.946000201627612,200,
4.825699841603637,200,
5.288900109007955,200,
8.184799924492836,200,
6.430000066757202,200,
3.751200158149004,200,
4.90880012512207,200,
6.088400026783347,200,
4.723999882116914,200,
3.4050000831484795,200,
5.738900043070316,200,
5.702099995687604,200,
2.6089998427778482,200,
23.934199940413237,200,
19.074799958616495,200,
2.8502000495791435,200,
4.023900022730231,200,
5.420200061053038,200,
4.716399824246764,200,
3.7577999755740166,200,
7.174900034442544,200,
2.772199921309948,200,
2.562799956649542,200,
2.888699993491173,200,
17.722399905323982,200,
5.093999905511737,200,
2.644999884068966,200,
5.1837998908013105,200,
3.440199885517359,200,
3.3723998349159956,200,
5.100799957290292,200,
6.348100025206804,200,
6.186899961903691,200,
15.275100013241172,200,
2.7796998620033264,200,
2.5712999049574137,200,
2.508699893951416,200,
2.2956999018788338,200,
28.67790008895099,200,
6.209499901160598,200,
3.49319982342422,200,
3.5450002178549767,200,
4.026599926874042,200,
13.271499890834093,200,
3.630199935287237,200,
3.746599890291691,200,
2.8460000175982714,200,
3.010799875482917,200,
3.361599985510111,200,
3.028400009498,200,
2.8291998896747828,200,
2.4574999697506428,200,
2.704499987885356,200,
6.25690002925694,200,
6.2067999970167875,200,
2.948000095784664,200,
2.8656998183578253,200,
2.4391000624746084,200,
2.5251000188291073,200,
2.696800045669079,200,
3.613600041717291,200,
3.1217001378536224,200,
4.613699857145548,200,
5.226899869740009,200,
3.96060012280941,200,
4.020299995318055,200,
2.693799789994955,200,
1.8530001398175955,200,
2.2157998755574226,200,
6.333200028166175,200,
2.2559999488294125,200,
2.148200059309602,200,
2.002999885007739,200,
21.786800120025873,200,
3.3186001237481833,200,
2.85349995829165,200,
3.203299827873707,200,
2.4957999121397734,200,
3.1636999920010567,200,
2.80930008739233,200,
3.0827000737190247,200,
3.03170015104115,200,
2.4676001630723476,200,
2.6702999603003263,200,
2.3641001898795366,200,
1.8705001566559076,200,
1.8279999494552612,200,
2.2034000139683485,200,
2.1472000516951084,200,
1.8593000713735819,200,
19.310199888423085,200,
3.114399965852499,200,
2.431799890473485,200,
3.634899854660034,200,
2.752400003373623,200,
2.7908000629395247,200,
3.5963000264018774,200,
3.575399983674288,200,
2.6201000437140465,200,
2.609799848869443,200,
3.103399882093072,200,
2.982699777930975,200,
1.9076999742537737,200,
1.7124000005424023,200,
1.6852000262588263,200,
1.7061000689864159,200,
2.2539999336004257,200,
2.0914000924676657,200,
17.066000029444695,200,
20.024499855935574,200,
16.099900007247925,200,
15.365300001576543,200,
15.571699943393469,200,
1.914900029078126,200,
2.9287999495863914,200,
1.8419998232275248,200,
12.893800158053637,200,
2.2307001054286957,200,
14.778800075873733,200,
27.086400194093585,200,
2.8782000299543142,200,
2.3271001409739256,200,
14.123599976301193,200,
17.753199907019734,200,
27.238499838858843,200,
2.9865000396966934,200,
2.1808999590575695,200,
1.965800067409873,200,
2.235099906101823,200,
12.867100071161985,200,
7.723900023847818,200,
17.985499929636717,200,
16.402999870479107,200,
23.537799948826432,200,
4.821600159630179,200,
7.506499998271465,200,
4.267000127583742,200,
4.51279990375042,200,
5.068900063633919,200,
5.210000090301037,200,
3.5556000657379627,200,
3.2279998995363712,200,
2.760800067335367,200,
17.37500005401671,200,
5.450099939480424,200,
5.4536999668926,200,
2.97189992852509,200,
2.8623000252991915,200,
13.28010018914938,200,
2.561700064688921,200,
16.57909993082285,200,
2.7615001890808344,200,
3.3650000113993883,200,
3.732800018042326,200,
2.940600039437413,200,
27.314600069075823,200,
4.678500117734075,200,
4.737699870020151,200,
4.068100126460195,200,
4.390500020235777,200,
7.244199980050325,200,
8.399900048971176,200,
5.671099992468953,200,
4.127900116145611,200,
4.041500156745315,200,
7.088399957865477,200,
6.201399955898523,200,
4.074699943885207,200,
5.20200002938509,200,
4.09390009008348,200,
4.404600011184812,200,
4.6184000093489885,200,
6.473200162872672,200,
6.529400125145912,200,
4.576599923893809,200,
5.35760005004704,200,
4.0704000275582075,200,
2.995300106704235,200,
5.241400096565485,200,
7.0130000822246075,200,
6.378900026902556,200,
4.108099965378642,200,
4.076200071722269,200,
5.414899904280901,200,
7.805400062352419,200,
8.750200038775802,200,
5.488400114700198,200,
3.271800000220537,200,
3.1367000192403793,200,
2.920200116932392,200,
4.285699920728803,200,
4.433099878951907,200,
3.5372001584619284,200,
3.807400120422244,200,
1.9505999516695738,200,
1.7891998868435621,200,
1.935899956151843,200,
2.9317999724298716,200,
2.274499973282218,200,
2.3240000009536743,200,
2.053899923339486,200,
1.9794001709669828,200,
1.8607000820338726,200,
2.963499864563346,200,
24.74120003171265,200,
2.799399895593524,200,
2.8101999778300524,200,
2.016899874433875,200,
2.195799956098199,200,
1.80159998126328,200,
2.064199885353446,200,
14.89399978891015,200,
3.540799953043461,200,
3.08190006762743,200,
2.216900000348687,200,
3.3668000251054764,200,
3.4372000955045223,200,
3.4935998264700174,200,
1.95419997908175,200,
1.7782000359147787,200,
3.17169982008636,200,
22.821499966084957,200,
14.487899839878082,200,
2.3417999036610126,200,
3.0843999702483416,200,
2.2664000280201435,200,
27.58600004017353,200,
26.884200051426888,200,
2.890300005674362,200,
14.384499983862042,200,
15.704599907621741,200,
27.725700056180358,200,
2.4737000931054354,200,
13.468400109559298,200,
15.96580003388226,200,
15.982700046151876,200,
16.679000109434128,200,
3.7357001565396786,200,
3.495299955829978,200,
2.257399959489703,200,
26.250499999150634,200,
24.149199947714806,200,
3.813500050455332,200,
5.111000034958124,200,
2.80599994584918,200,
26.886299951002,200,
26.336600072681904,200,
2.5142000522464514,200,
2.485400065779686,200,
12.933799996972084,200,
16.548900166526437,200,
25.419099954888225,200,
2.252599922940135,200,
4.334399942308664,200,
3.77509999088943,200,
3.676600055769086,200,
4.092100076377392,200,
3.9482000283896923,200,
3.3925999887287617,200,
2.900100080296397,200,
16.849400009959936,200,
15.898300101980567,200,
2.253300044685602,200,
13.069000095129013,200,
15.817200066521764,200,
2.2142999805510044,200,
13.661700068041682,200,
27.19489997252822,200,
16.33719983510673,200,
14.927800046280026,200,
14.738099882379174,200,
15.780400019139051,200,
15.857100021094084,200,
2.3806998506188393,200,
2.902599982917309,200,
1.756500219926238,200,
11.36379991658032,200,
16.072900034487247,200,
25.689300149679184,200,
2.538700122386217,200,
3.0761000234633684,200,
13.06640007533133,200,
15.607300214469433,200,
27.892899932339787,200,
2.1441997960209846,200,
3.7533999420702457,200,
2.675199881196022,200,
26.275600073859096,200,
24.960000067949295,200,
2.410300076007843,200,
4.263000097125769,200,
4.443000070750713,200,
4.564599832519889,200,
22.96179998666048,200,
21.24289982020855,200,
2.364099957048893,200,
15.278700040653348,200,
13.515800004824996,200,
15.39150020107627,200,
15.967100160196424,200,
2.0496000070124865,200,
13.56839993968606,200,
16.456899931654334,200,
2.0123999565839767,200,
15.45719988644123,200,
13.983499957248569,200,
18.24419992044568,200,
18.832999980077147,200,
2.074700081720948,200,
4.072099924087524,200,
2.41830013692379,200,
24.100699927657843,200,
23.368099937215447,200,
2.312200143933296,200,
13.27209989540279,200,
16.29739999771118,200,
14.652000041678548,200,
15.434300061315298,200,
15.167400008067489,200,
15.97200008109212,200,
14.359799912199378,200,
14.31209989823401,200,
1.7930998001247644,200,
2.7520000003278255,200,
1.984999980777502,200,
12.194300070405006,200,
25.632099946960807,200,
16.75079995766282,200,
1.7104002181440592,200,
1.496999990195036,200,
15.743599971756339,200,
12.648300034925342,200,
2.035799901932478,200,
15.347700100392103,200,
13.834299985319376,200,
2.1617000456899405,200,
13.944899896159768,200,
16.252199886366725,200,
28.14169996418059,200,
14.569699997082353,200,
15.066700056195259,200,
2.0606000907719135,200,
3.5693000536412,200,
12.482099933549762,200,
16.202399972826242,200,
27.80829998664558,200,
2.8492999263107777,200,
14.96870000846684,200,
2.7311001904308796,200,
27.543799951672554,200,
13.257900020107627,200,
3.7055001594126225,200,
4.4327001087367535,200,
26.710399892181158,200,
27.294799918308854,200,
2.5120999198406935,200,
2.410300076007843,200,
14.723500004038215,200,
26.55230020172894,200,
17.246400006115437,200,
2.157100010663271,200,
15.269899973645806,200,
13.429299928247929,200,
15.637899981811643,200,
15.832899836823344,200,
1.9905001390725374,200,
1.6949998680502176,200,
14.668799936771393,200,
26.36209991760552,200,
16.325099859386683,200,
2.324499888345599,200,
2.817499917000532,200,
2.3055998608469963,200,
27.918299892917275,200,
26.868100045248866,200,
3.016500035300851,200,
3.9929000195115805,200,
25.11769998818636,200,
27.037200052291155,200,
15.11829998344183,200,
14.843299984931946,200,
2.4641999043524265,200,
15.33009996637702,200,
12.760499957948923,200,
2.6569999754428864,200,
14.408299932256341,200,
16.516200033947825,200,
28.268399881199002,200,
2.1128999069333076,200,
3.364100120961666,200,
13.902199920266867,200,
12.8734998870641,200,
2.043799962848425,200,
13.493599835783243,200,
15.325300162658095,200,
2.406999934464693,200,
14.312800019979477,200,
1.7941000405699015,200,
14.350899960845709,200,
28.13740004785359,200,
1.8380999099463224,200,
3.1848999205976725,200,
12.843500124290586,200,
14.747199835255742,200,
27.209200197830796,200,
16.47559995763004,200,
16.07679994776845,200,
15.564400004222989,200,
16.067099990323186,200,
15.0757001247257,200,
14.716600067913532,200,
8.283700095489621,200,
8.105400018393993,200,
22.81369990669191,200,
23.25080009177327,200,
2.939799800515175,200,
13.50380014628172,200,
2.218400128185749,200,
2.220599912106991,200,
26.46739990450442,200,
27.56369998678565,200,
16.870100051164627,200,
2.2158001083880663,200,
3.9767001289874315,200,
3.797299927100539,200,
1.9402001053094864,200,
22.16729987412691,200,
26.17750014178455,200,
2.4534999392926693,200,
15.686400001868606,200,
13.893800089135766,200,
14.481699792668223,200,
14.782699989154935,200,
13.984600082039833,200,
14.982899883762002,200,
16.277399845421314,200,
16.25450002029538,200,
15.517499996349216,200,
16.14339998923242,200,
16.639600042253733,200,
16.58930000849068,200,
2.087600063532591,200,
15.017499914392829,200,
12.996200006455183,200,
2.609799848869443,200,
4.2085000313818455,200,
27.11050002835691,200,
26.15769999101758,200,
15.97169996239245,200,
15.956999966874719,200,
2.7631998527795076,200,
3.9238999597728252,200,
1.7510999459773302,200,
10.853199986740947,200,
2.015799982473254,200,
23.64200004376471,200,
14.436200028285384,200,
2.334900200366974,200,
2.154699992388487,200,
2.714900067076087,200,
13.99070001207292,200,
22.35770015977323,200,
15.599299920722842,200,
16.034199856221676,200,
15.871800016611814,200,
1.9153000321239233,200,
3.2336998265236616,200,
13.094099937006831,200,
14.586900128051639,200,
2.215299988165498,200,
4.179799929261208,200,
11.874499963596463,200,
25.377999991178513,200,
16.2624001968652,200,
14.786999905481935,200,
15.448000049218535,200,
15.378900105133653,200,
15.940200071781874,200,
2.7838998939841986,200,
14.516799943521619,200,
26.4274999499321,200,
15.670999884605408,200,
3.4707000013440847,200,
3.653000108897686,200,
3.1871998216956854,200,
3.8894000463187695,200,
3.3903000876307487,200,
2.2527999244630337,200,
1.567500177770853,200,
19.136300077661872,200,
22.20759983174503,200,
2.8082001954317093,200,
12.594700092449784,200,
15.47669991850853,200,
1.9000000320374966,200,
14.890399994328618,200,
16.632799990475178,200,
1.6842999029904604,200,
3.4727000165730715,200,
1.9714999943971634,200,
12.982100015506148,200,
16.155200079083443,200,
25.66429995931685,200,
15.382400015369058,200,
15.936499927192926,200,
1.9308999180793762,200,
3.7640000227838755,200,
2.8826999478042126,200,
3.4340000711381435,200,
3.687300020828843,200,
22.485399851575494,200,
24.514600168913603,200,
2.6777000166475773,200,
4.360200138762593,200,
12.623399961739779,200,
16.214000061154366,200,
27.205700054764748,200,
2.328700153157115,200,
3.999199951067567,200,
1.5967998187988997,200,
11.80229987949133,200,
25.53420001640916,200,
16.89480012282729,200,
15.204600058495998,200,
15.552499797195196,200,
2.3729000240564346,200,
15.184500021860003,200,
13.49129993468523,200,
16.567999962717295,200,
16.389300115406513,200,
2.4194999132305384,200,
13.564700027927756,200,
2.0607998594641685,200,
13.48529988899827,200,
27.40349993109703,200,
2.9356000013649464,200,
3.8253001403063536,200,
12.10429985076189,200,
15.57940011844039,200,
26.83190000243485,200,
2.1469001658260822,200,
4.4976999051868916,200,
14.49289987795055,200,
16.442399937659502,200,
24.037100141867995,200,
14.911700040102005,200,
15.296599827706814,200,
2.126700012013316,200,
15.040500089526176,200,
13.482300098985434,200,
1.8803998827934265,200,
13.908499851822853,200,
15.681300079450011,200,
2.808100078254938,200,
4.155399976298213,200,
2.747399965301156,200,
2.6497000362724066,200,
2.8959999326616526,200,
3.005499951541424,200,
3.916200017556548,200,
2.4844000581651926,200,
3.6129001528024673,200,
18.104200018569827,200,
14.42190003581345,200,
1.6197999939322472,200,
2.957299817353487,200,
13.519300147891045,200,
16.261500073596835,200,
29.119000071659684,200,
4.331500036641955,200,
5.546700209379196,200,
20.625100005418062,200,
22.237000055611134,200,
2.94590019620955,200,
4.3709001038223505,200,
2.791200065985322,200,
5.296000046655536,200,
1.9024999346584082,200,
20.42379998601973,200,
22.866599960252643,200,
3.357699839398265,200,
12.156900018453598,200,
16.09599986113608,200,
2.281300025060773,200,
14.365500072017312,200,
12.213199865072966,200,
17.023300053551793,200,
17.1786998398602,200,
5.2540001925081015,200,
5.034300033003092,200,
2.8113999869674444,200,
2.79999990016222,200,
3.360799979418516,200,
2.513500163331628,200,
2.478300128132105,200,
2.58089997805655,200,
24.4376000482589,200,
2.407599939033389,200,
2.3493000771850348,200,
2.4575998540967703,200,
2.6537999510765076,200,
3.491300158202648,200,
24.132899940013885,200,
4.9258999060839415,200,
4.163699923083186,200,
3.0008999165147543,200,
3.894300200045109,200,
4.146500024944544,200,
3.7016000133007765,200,
5.264699924737215,200,
5.366799887269735,200,
2.673200098797679,200,
2.6575999800115824,200,
2.6679998263716698,200,
13.62060010433197,200,
7.351400097832084,200,
6.992899812757969,200,
4.653099924325943,200,
4.8599999863654375,200,
4.786200122907758,200,
9.101999923586845,200,
7.405900163576007,200,
2.77370004914701,200,
6.073099793866277,200,
5.859100027009845,200,
5.255700089037418,200,
5.885800113901496,200,
5.47600002028048,200,
4.594300175085664,200,
2.126700012013316,200,
2.4936001282185316,200,
2.496300032362342,200,
2.502600196748972,200,
2.0979999098926783,200,
1.84449995867908,200,
22.771399933844805,200,
1.8277999479323626,200,
1.7661999445408583,200,
2.6642000302672386,200,
2.360600046813488,200,
21.987400017678738,200,
2.015000209212303,200,
22.283599944785237,200,
14.131799805909395,200,
2.1448000334203243,200,
3.8705000188201666,200,
3.0315001495182514,200,
2.7620999608188868,200,
3.712099976837635,200,
4.190100124105811,200,
3.9631000254303217,200,
5.173600045964122,200,
16.648299992084503,200,
13.936500065028667,200,
2.737100003287196,200,
3.711000084877014,200,
2.587700029835105,200,
3.0242998618632555,200,
2.619900042191148,200,
2.2419001907110214,200,
2.496100030839443,200,
3.3252998255193233,200,
2.33919988386333,200,
2.3151999339461327,200,
2.2145998664200306,200,
2.046699868515134,200,
2.531300066038966,200,
24.413000093773007,200,
4.478699993342161,200,
3.378199879080057,200,
1.879699993878603,200,
1.8044000025838614,200,
1.8068000208586454,200,
1.7498000524938107,200,
12.982300017029047,200,
4.164899932220578,200,
2.7917001862078905,200,
3.903399920091033,200,
4.069899907335639,200,
4.494700115174055,200,
2.811900107190013,200,
2.5533000007271767,200,
20.72610007598996,200,
19.588599912822247,200,
3.097300184890628,200,
14.423100044950843,200,
2.3036999627947807,200,
2.3721999023109674,200,
2.0914000924676657,200,
2.222000155597925,200,
1.9892000127583742,200,
1.841900171712041,200,
26.33890020661056,200,
4.293800098821521,200,
4.177099792286754,200,
2.794699976220727,200,
2.1322998218238354,200,
2.0393000449985266,200,
13.254200108349323,200,
4.117799922823906,200,
2.287499839439988,200,
3.6866001319140196,200,
3.566900035366416,200,
4.645500099286437,200,
1.951900077983737,200,
1.9239000976085663,200,
3.2474000472575426,200,
2.2426999639719725,200,
24.2937000002712,200,
27.75939996354282,200,
15.80279995687306,200,
2.321199979633093,200,
3.4911998081952333,200,
3.582100151106715,200,
3.336200024932623,200,
4.541900008916855,200,
3.739000065252185,200,
2.6281001046299934,200,
4.036700120195746,200,
3.2661999575793743,200,
5.47760003246367,200,
2.3871001321822405,200,
1.9880000036209822,200,
12.078699888661504,200,
2.4537001736462116,200,
14.307999983429909,200,
24.51619994826615,200,
2.6347998064011335,200,
4.757300019264221,200,
3.2981999684125185,200,
3.036599839106202,200,
2.63740005902946,200,
21.87940012663603,200,
21.03279996663332,200,
4.747599828988314,200,
4.750299965962768,200,
2.5876001454889774,200,
1.9461000338196754,200,
1.882700016722083,200,
2.085399813950062,200,
9.078900096938014,200,
1.9582000095397234,200,
1.941499998793006,200,
1.896499888971448,200,
25.45830002054572,200,
3.511499846354127,200,
3.5866000689566135,200,
1.9477000460028648,200,
1.9206998404115438,200,
1.9519999623298645,200,
1.8813000060617924,200,
1.947399927303195,200,
13.863399857655168,200,
5.5565000511705875,200,
5.332800094038248,200,
2.0752998534590006,200,
1.9829000812023878,200,
2.0026001147925854,200,
19.06400010921061,200,
27.346399845555425,200,
2.67399987205863,200,
2.365899970754981,200,
2.8915000148117542,200,
2.001499990001321,200,
1.8892998341470957,200,
14.284499920904636,200,
4.455900052562356,200,
3.443199908360839,200,
2.059200080111623,200,
2.3048999719321728,200,
2.3581997957080603,200,
1.9125000108033419,200,
12.600300135090947,200,
4.206000128760934,200,
2.1358998492360115,200,
2.0991999190300703,200,
14.799600001424551,200,
2.0845001563429832,200,
2.1160999312996864,200,
1.9096999894827604,200,
1.9380999729037285,200,
2.337399870157242,200,
2.1240999922156334,200,
3.0691998545080423,200,
24.962299969047308,200,
2.563699847087264,200,
2.1626001689583063,200,
15.79560013487935,200,
15.934200026094913,200,
26.8047999124974,200,
2.373599912971258,200,
3.416100051254034,200,
3.235999960452318,200,
2.4683999363332987,200,
2.063699997961521,200,
2.862100023776293,200,
3.6789998412132263,200,
2.6213000528514385,200,
4.1865999810397625,200,
6.52649998664856,200,
2.4454998783767223,200,
2.2227999288588762,200,
2.934299875050783,200,
26.417699875310063,200,
25.666600093245506,200,
2.901999978348613,200,
14.588299905881286,200,
15.842299908399582,200,
28.295299969613552,200,
2.8715000953525305,200,
3.5781001206487417,200,
27.617899933829904,200,
26.930600171908736,200,
2.809799974784255,200,
4.69670002348721,200,
3.036799840629101,200,
2.220599912106991,200,
26.777399936690927,200,
23.13959994353354,200,
2.788200043141842,200,
13.529400108382106,200,
15.775599982589483,200,
27.020800160244107,200,
2.5669001042842865,200,
13.413000153377652,200,
16.081599984318018,200,
15.320400008931756,200,
15.579700004309416,200,
2.3274000268429518,200,
3.9580001030117273,200,
2.268600044772029,200,
23.917099926620722,200,
27.711299946531653,200,
2.5746000465005636,200,
3.9530000649392605,200,
3.1334999948740005,200,
1.7179001588374376,200,
22.69550017081201,200,
26.26299997791648,200,
13.918599812313914,200,
14.362100046128035,200,
3.0863999854773283,200,
14.992699958384037,200,
3.2832000870257616,200,
2.496100030839443,200,
2.6217999402433634,200,
27.271600207313895,200,
16.499099787324667,200,
24.325299775227904,200,
2.019000006839633,200,
2.013599965721369,200,
2.126300008967519,200,
15.463599935173988,200,
25.385400047525764,200,
16.325399978086352,200,
2.2567000705748796,200,
12.3947998508811,200,
15.322200022637844,200,
2.228999976068735,200,
2.135799964889884,200,
2.2332000080496073,200,
2.3268000222742558,200,
14.691000105813146,200,
22.027899976819754,200,
16.57269988209009,200,
2.499300055205822,200,
12.5537000130862,200,
15.077099902555346,200,
2.1321000531315804,200,
15.174999833106995,200,
13.585700187832117,200,
15.029900008812547,200,
16.572099877521396,200,
2.3395000025629997,200,
14.112399891018867,200,
13.233999954536557,200,
2.3891001474112272,200,
2.9914998449385166,200,
12.3240000102669,200,
15.289000002667308,200,
26.99830010533333,200,
15.673000132665038,200,
16.06960012577474,200,
2.272200072184205,200,
3.4322000574320555,200,
11.771799996495247,200,
15.73169999755919,200,
26.942700147628784,200,
2.1166999358683825,200,
15.535200014710426,200,
13.978200033307076,200,
15.514400089159608,200,
15.486699994653463,200,
2.2128999698907137,200,
3.761099884286523,200,
2.8472000267356634,200,
3.5166998859494925,200,
3.5794000141322613,200,
3.7529999390244484,200,
3.633200190961361,200,
3.052900079637766,200,
4.306799964979291,200,
3.975499887019396,200,
2.6603001169860363,200,
3.18829994648695,200,
2.601100131869316,200,
11.230500182136893,200,
2.0256000570952892,200,
13.96740018390119,200,
23.02860002964735,200,
2.124600112438202,200,
3.640600014477968,200,
3.3154000993818045,200,
26.93949989043176,200,
25.804399978369474,200,
2.5083001237362623,200,
2.024100162088871,200,
15.02349996007979,200,
2.0590999629348516,200,
25.443500140681863,200,
13.718500034883618,200,
2.16330005787313,200,
4.186500096693635,200,
12.613900005817413,200,
27.857299894094467,200,
17.401000019162893,200,
2.4486000183969736,200,
14.198399847373366,200,
17.5481999758631,200,
2.773500047624111,200,
4.234899999573827,200,
4.6403000596910715,200,
3.2978998497128487,200,
3.3389998134225607,200,
4.128600005060434,200,
14.368399977684021,200,
21.906600100919604,200,
3.050300059840083,200,
4.99320006929338,200,
3.328499849885702,200,
2.1313000470399857,200,
20.802299957722425,200,
25.01860004849732,200,
3.07460012845695,200,
5.4975999519228935,200,
3.7163998931646347,200,
24.46860005147755,200,
23.10430002398789,200,
3.20759997703135,200,
5.18269999884069,200,
3.2788999378681183,200,
4.263199865818024,200,
4.55269985832274,200,
3.978000022470951,200,
3.0179000459611416,200,
15.64760017208755,200,
21.09960000962019,200,
13.892000075429678,200,
13.899300014600158,200,
15.322400024160743,200,
15.797900035977364,200,
5.899100098758936,200,
7.689000107347965,200,
2.9395001474767923,200,
24.533299962058663,200,
23.43620010651648,200,
14.641799964010715,200,
14.977999962866306,200,
2.435700036585331,200,
4.527100129052997,200,
3.2962001860141754,200,
3.1071000266820192,200,
2.6075998321175575,200,
3.2804999500513077,200,
3.53639991953969,200,
4.287099931389093,200,
4.455199930816889,200,
3.4953001886606216,200,
2.3630999494343996,200,
22.389499936252832,200,
27.96819992363453,200,
14.514000155031681,200,
16.216000076383352,200,
3.0052000656723976,200,
16.800899989902973,200,
13.793299905955791,200,
3.60589986667037,200,
4.685699939727783,200,
3.727799979969859,200,
4.9281001556664705,200,
21.888599963858724,200,
22.48469996266067,200,
14.619299909099936,200,
15.160300070419908,200,
2.4785001296550035,200,
4.20630001462996,200,
3.592400113120675,200,
3.6387001164257526,200,
4.366499837487936,200,
4.282800015062094,200,
16.772900009527802,200,
19.348699832335114,200,
16.28809981048107,200,
17.180999973788857,200,
15.530900098383427,200,
15.610399888828397,200,
2.6956999208778143,200,
4.740499891340733,200,
3.8169999606907368,200,
3.8062999956309795,200,
3.842300036922097,200,
6.542100105434656,200,
4.633600125089288,200,
2.7417000383138657,200,
4.220300121232867,200,
3.2468000426888466,200,
21.3274999987334,200,
23.51159998215735,200,
3.4710001200437546,200,
3.5262000747025013,200,
3.3140999730676413,200,
2.8768000192940235,200,
5.880299955606461,200,
2.3579001426696777,200,
3.5514000337570906,200,
3.213699907064438,200,
3.534100018441677,200,
3.477599937468767,200,
2.447800012305379,200,
2.5520999915897846,200,
14.071099925786257,200,
23.995100054889917,200,
17.073099967092276,200,
2.120800083503127,200,
4.152300069108605,200,
12.702600099146366,200,
16.048800200223923,200,
27.470799861475825,200,
2.8480999171733856,200,
14.731300063431263,200,
17.45429984293878,200,
2.275099977850914,200,
3.9967000484466553,200,
1.9956000614911318,200,
11.093900073319674,200,
2.3739999160170555,200,
14.362300047650933,200,
24.62729997932911,200,
2.86580016836524,200,
4.188999999314547,200,
11.58619998022914,200,
17.450599931180477,200,
27.773099951446056,200,
2.7145000640302896,200,
12.754400027915835,200,
15.769600169733167,200,
15.539899934083223,200,
16.246600076556206,200,
1.908699981868267,200,
3.7827000487595797,200,
2.003900008276105,200,
12.823000084608793,200,
17.600700026378036,200,
27.24629989825189,200,
2.5450000539422035,200,
14.746200060471892,200,
16.162199899554253,200,
28.097699861973524,200,
15.193199971690774,200,
15.648800181224942,200,
2.988999942317605,200,
4.03010006994009,200,
2.0049000158905983,200,
23.479900090023875,200,
27.10920013487339,200,
4.014500183984637,200,
5.2999998442828655,200,
3.9063000585883856,200,
4.3479998130351305,200,
4.294999875128269,200,
2.5300998240709305,200,
2.7770998422056437,200,
4.982300102710724,200,
2.950600115582347,200,
2.198799978941679,200,
15.543699963018298,200,
2.754699904471636,200,
2.906499896198511,200,
2.4859001860022545,200,
22.752400022000074,200,
16.804100014269352,200,
23.568500066176057,200,
2.0391999278217554,200,
4.20960015617311,200,
12.724800035357475,200,
2.2094999440014362,200,
27.06790016964078,200,
14.525400009006262,200,
2.9466000851243734,200,
4.174399888142943,200,
24.680200032889843,200,
26.79180004633963,200,
2.798300003632903,200,
15.413700137287378,200,
13.34040006622672,200,
2.605699934065342,200,
15.004500048235059,200,
8.253499865531921,200,
26.584899984300137,200,
15.855700010433793,200,
22.487299982458353,200,
3.254000097513199,200,
3.8429000414907932,200,
2.341900020837784,200,
24.717400083318353,200,
27.74569997563958,200,
3.071799874305725,200,
2.292799996212125,200,
14.107999857515097,200,
25.867999996989965,200,
17.09070010110736,200,
2.0394001621752977,200,
3.640000009909272,200,
2.0862000528723,200,
11.595499934628606,200,
23.738399846479297,200,
15.9941001329571,200,
14.659800101071596,200,
15.224199974909425,200,
15.068099834024906,200,
15.731099992990494,200,
1.9545999821275473,200,
14.585800003260374,200,
13.633600203320384,200,
16.087600030004978,200,
15.689000021666288,200,
15.445099910721183,200,
15.441699884831905,200,
2.835500054061413,200,
3.485799999907613,200,
1.7818999476730824,200,
28.033799957484007,200,
26.85829997062683,200,
15.546000096946955,200,
15.89520019479096,200,
2.454400062561035,200,
3.359799971804023,200,
1.7156999092549086,200,
12.12959992699325,200,
1.623100135475397,200,
24.908100022003055,200,
14.635800151154399,200,
2.4621000047773123,200,
15.05909999832511,200,
13.027100125327706,200,
2.085799816995859,200,
13.715100008994341,200,
15.901800012215972,200,
15.305599896237254,200,
15.897899866104126,200,
1.7438000068068504,200,
15.754800057038665,200,
14.573500026017427,200,
15.591499861329794,200,
16.14780002273619,200,
14.63929982855916,200,
14.535399852320552,200,
1.8811998888850212,200,
2.559400163590908,200,
13.62660015001893,200,
13.106999918818474,200,
16.31229999475181,200,
16.31570002064109,200,
1.919100061058998,200,
1.7732998821884394,200,
14.410400064662099,200,
2.174600027501583,200,
13.523600064218044,200,
27.008499950170517,200,
2.2030998952686787,200,
13.139700051397085,200,
15.739099821075797,200,
15.816600061953068,200,
16.62070001475513,200,
2.828700002282858,200,
13.701100135222077,200,
26.848600013181567,200,
16.181200044229627,200,
3.2621000427752733,200,
2.235099906101823,200,
13.937299838289618,200,
1.9270998891443014,200,
24.627800099551678,200,
14.03779978863895,200,
15.9555000718683,200,
15.95679996535182,200,
2.379799960181117,200,
12.680900050327182,200,
15.340300044044852,200,
2.00009997934103,200,
3.5081999376416206,200,
2.4814000353217125,200,
11.055300012230873,200,
24.411600083112717,200,
15.666899969801307,200,
15.75590018182993,200,
17.090499866753817,200,
14.45849984884262,200,
15.002400148659945,200,
5.848100176081061,200,
14.370700111612678,200,
16.877799993380904,200,
25.465600192546844,200,
1.9937998149544,200,
13.402699958533049,200,
27.70350011996925,200,
16.78309985436499,200,
2.923100022599101,200,
4.708199994638562,200,
3.5675999242812395,200,
3.0475000385195017,200,
1.8209000118076801,200,
1.6891001723706722,200,
21.872200071811676,200,
18.01640004850924,200,
3.022200195118785,200,
14.380599837750196,200,
16.765600070357323,200,
16.026399796828628,200,
16.473400173708797,200,
2.8377999551594257,200,
13.358899857848883,200,
1.7276001162827015,200,
2.431500004604459,200,
25.70040011778474,200,
26.3758001383394,200,
15.551300020888448,200,
15.185300027951598,200,
15.053199836984277,200,
2.310799900442362,200,
15.191199956461787,200,
13.386799953877926,200,
1.879699993878603,200,
15.698200091719627,200,
13.592700008302927,200,
7.69410002976656,200,
15.49470005556941,200,
23.98580010049045,200,
16.18669996969402,200,
2.2972000297158957,200,
15.844499925151467,200,
13.672800036147237,200,
2.6312998961657286,200,
4.121699836105108,200,
11.880700010806322,200,
1.794000156223774,200,
14.948600204661489,200,
27.984699932858348,200,
15.415299916639924,200,
16.140400199219584,200,
16.1464000120759,200,
16.19839994236827,200,
14.794999966397882,200,
14.736499870195985,200,
15.327600063756108,200,
15.844800043851137,200,
1.643999945372343,200,
2.7415999211370945,200,
13.29480018466711,200,
12.73590000346303,200,
15.35400003194809,200,
15.341900056228042,200,
14.611799968406558,200,
15.17889997921884,200,
1.9061998464167118,200,
3.575999988242984,200,
2.9815000016242266,200,
2.723699901252985,200,
2.571699908003211,200,
2.8262000996619463,200,
4.303100053220987,200,
3.1795999966561794,200,
4.010300152003765,200,
17.650300171226263,200,
13.461700174957514,200,
2.938800025731325,200,
2.9772999696433544,200,
2.1232999861240387,200,
3.388799959793687,200,
25.90249991044402,200,
24.91330006159842,200,
3.108999924734235,200,
4.775499925017357,200,
10.739800054579973,200,
2.5587999261915684,200,
13.67949997074902,200,
26.265399996191263,200,
2.962999977171421,200,
15.13459999114275,200,
12.583000119775534,200,
15.294699929654598,200,
15.814699931070209,200,
1.8493998795747757,200,
2.986599924042821,200,
2.2972000297158957,200,
12.818000046536326,200,
16.39910019002855,200,
26.43189998343587,200,
14.898400055244565,200,
15.592599986121058,200,
1.7072998452931643,200,
3.0041001737117767,200,
1.494700089097023,200,
12.26889993995428,200,
25.70610004477203,200,
16.248099971562624,200,
3.046399913728237,200,
2.894200151786208,200,
12.183000100776553,200,
12.243800098076463,200,
2.688300097361207,200,
13.21429992094636,200,
16.09500008635223,200,
2.3348000831902027,200,
3.0676000751554966,200,
2.3794001899659634,200,
28.31800002604723,200,
27.32219989411533,200,
3.6551998928189278,200,
1.9024000503122807,200,
13.25460011139512,200,
14.843400102108717,200,
23.343800101429224,200,
3.217299934476614,200,
5.179400090128183,200,
5.325100151821971,200,
3.4926000516861677,200,
22.376300068572164,200,
23.116900119930506,200,
2.2595999762415886,200,
3.589699976146221,200,
3.862400073558092,200,
4.5588999055325985,200,
1.5255000907927752,200,
1.5384000726044178,200,
24.965699994936585,200,
19.766000099480152,200,
2.2493000142276287,200,
4.097199998795986,200,
2.2235000506043434,200,
12.051200028508902,200,
24.793999968096614,200,
16.856300178915262,200,
2.011599950492382,200,
15.145800076425076,200,
13.67380004376173,200,
1.9748001359403133,200,
12.209800072014332,200,
14.810899971053004,200,
2.272300189360976,200,
1.4412000309675932,200,
15.145400073379278,200,
27.573199942708015,200,
16.74479991197586,200,
15.34210005775094,200,
16.110599972307682,200,
16.478100093081594,200,
16.167399939149618,200,
2.462599892169237,200,
14.07410018146038,200,
29.413599986582994,200,
17.8592000156641,200,
2.664499916136265,200,
13.070899993181229,200,
2.2980000358074903,200,
14.30339994840324,200,
27.84679993055761,200,
2.7199999894946814,200,
3.5268000792711973,200,
13.003900181502104,200,
16.36889996007085,200,
28.348800027742982,200,
3.22519987821579,200,
12.1329000685364,200,
16.059600049629807,200,
2.1701999939978123,200,
13.89559987001121,200,
16.276499954983592,200,
2.7387000154703856,200,
3.902000142261386,200,
3.326699836179614,200,
1.730100018903613,200,
22.19459996558726,200,
25.895999977365136,200,
16.06649998575449,200,
16.23860001564026,200,
16.10039989463985,200,
16.117299906909466,200,
15.322200022637844,200,
15.162100084125996,200,
1.8311000894755125,200,
13.242100132629275,200,
15.264799818396568,200,
15.723200049251318,200,
15.613700030371547,200,
1.8126999493688345,200,
13.3326998911798,200,
16.356199979782104,200,
28.13750016503036,200,
3.073300002142787,200,
3.832499962300062,200,
1.402899855747819,200,
1.3371000532060862,200,
1.3296001125127077,200,
1.3564999680966139,200,
1.491399947553873,200,
26.25390002503991,200,
18.240700010210276,200,
4.724500002339482,200,
5.435799947008491,200,
2.57060001604259,200,
3.366700140759349,200,
1.8741998355835676,200,
20.760699873790145,200,
24.396399967372417,200,
3.423199988901615,200,
4.755700007081032,200,
2.975399838760495,200,
2.0200000144541264,200,
21.62219979800284,200,
25.207199854776263,200,
2.0600000862032175,200,
3.846800187602639,200,
13.96270003169775,200,
12.634200043976307,200,
2.638899954035878,200,
5.104199983179569,200,
3.4129000268876553,200,
3.4075998701155186,200,
3.845500061288476,200,
2.0216000266373158,200,
21.808099932968616,200,
18.74980004504323,200,
2.1885999012738466,200,
3.451599972322583,200,
2.311399905011058,200,
3.229699796065688,200,
2.3451000452041626,200,
2.7922000735998154,200,
3.6543000023812056,200,
3.450999967753887,200,
3.5033999010920525,200,
4.911599913612008,200,
4.088500048965216,200,
2.9758999589830637,200,
2.5965000968426466,200,
2.895900048315525,200,
3.2942001707851887,200,
2.9620002023875713,200,
3.069399856030941,200,
1.816099975258112,200,
1.7947000451385975,200,
21.429199958220124,200,
2.0770998671650887,200,
13.930600136518478,200,
27.819199953228235,200,
2.938400022685528,200,
13.684199890121818,200,
2.4863998405635357,200,
13.345899991691113,200,
27.390000177547336,200,
3.062400035560131,200,
2.1564001217484474,200,
14.560199808329344,200,
24.98720004223287,200,
16.525799874216318,200,
2.974000060930848,200,
3.8217001128941774,200,
3.244600025936961,200,
2.1297000348567963,200,
2.040599938482046,200,
26.700699934735894,200,
20.950600039213896,200,
3.2441001385450363,200,
4.861399997025728,200,
4.074999829754233,200,
25.165400002151728,200,
23.768099956214428,200,
2.935800002887845,200,
4.618800012394786,200,
2.80930008739233,200,
3.6392000038176775,200,
4.878199892118573,200,
3.79839981906116,200,
2.9494999907910824,200,
3.8567997980862856,200,
2.3552998900413513,200,
2.499900059774518,200,
3.58260003849864,200,
18.344700103625655,200,
2.0047000143676996,200,
21.302799927070737,200,
14.90950002335012,200,
2.2663997951895,200,
3.67539981380105,200,
2.6298000011593103,200,
11.260600062087178,200,
27.2491998039186,200,
17.61929993517697,200,
2.1920998115092516,200,
3.709099953994155,200,
1.989699900150299,200,
27.0730999764055,200,
23.76230014488101,200,
2.3286999203264713,200,
16.084600007161498,200,
13.510399963706732,200,
2.291399985551834,200,
2.0661999005824327,200,
14.54950007610023,200,
26.30900009535253,200,
16.75079995766282,200,
2.2511999122798443,200,
3.926499979570508,200,
2.711700042709708,200,
2.6222998276352882,200,
1.6891001723706722,200,
24.380299961194396,200,
21.49059996008873,200,
2.3429999127984047,200,
4.00019995868206,200,
2.085600048303604,200,
1.9370999652892351,200,
1.8022998701781034,200,
1.6904999502003193,200,
28.392399894073606,200,
19.48970020748675,200,
14.094899874180555,200,
14.58769990131259,200,
2.158000133931637,200,
12.995800003409386,200,
15.629200031980872,200,
2.197599969804287,200,
3.311099950224161,200,
1.7144999001175165,200,
12.702499981969595,200,
25.797100039198995,200,
16.37790002860129,200,
14.90029995329678,200,
15.330000082030892,200,
16.359900124371052,200,
16.345000127330422,200,
15.244800131767988,200,
15.495199942961335,200,
15.102200210094452,200,
15.982700046151876,200,
8.265099953860044,200,
13.749399920925498,200,
2.2458001039922237,200,
15.066900057718158,200,
23.55859987437725,200,
2.4208000395447016,200,
14.24259995110333,200,
16.05210010893643,200,
27.799499919638038,200,
1.9361998420208693,200,
3.8926000706851482,200,
12.016900116577744,200,
26.619300013408065,200,
17.074599862098694,200,
14.481399906799197,200,
14.491999987512827,200,
15.804900089278817,200,
15.580300008878112,200,
1.6718001570552588,200,
2.8729999903589487,200,
11.886700056493282,200,
13.149899896234274,200,
2.054099924862385,200,
15.839400002732873,200,
15.075600007548928,200,
2.711100038141012,200,
27.857900131493807,200,
29.787700157612562,200,
2.376799937337637,200,
3.942999988794327,200,
26.875799987465143,200,
28.564800042659044,200,
3.710799850523472,200,
5.0650998018682,200,
26.737899985164404,200,
25.21010022610426,200,
15.617300057783723,200,
15.839099884033203,200,
14.496799791231751,200,
14.492100104689598,200,
1.8764999695122242,200,
15.35840006545186,200,
14.022599905729294,200,
1.953100087121129,200,
13.559200102463365,200,
15.94820013269782,200,
2.2372000385075808,200,
3.566599916666746,200,
2.854099962860346,200,
3.2099001109600067,200,
3.8723000325262547,200,
4.007200011983514,200,
3.608600003644824,200,
3.459000028669834,200,
3.517499892041087,200,
3.4038000740110874,200,
3.286499995738268,200,
3.0239999759942293,200,
2.284599933773279,200,
2.699399832636118,200,
3.5198999103158712,200,
21.145200124010444,200,
23.01979996263981,200,
2.329000039026141,200,
1.7021000385284424,200,
1.6717000398784876,200,
13.553299941122532,200,
1.7589000053703785,200,
23.868200136348605,200,
14.393700053915381,200,
1.9370000809431076,200,
14.141999883577228,200,
12.859099777415395,200,
7.167299976572394,200,
8.130600210279226,200,
21.31889993324876,200,
23.293200181797147,200,
15.307400142773986,200,
15.009500086307526,200,
2.844400005415082,200,
4.927499918267131,200,
3.176500089466572,200,
3.149299882352352,200,
1.9859999883919954,200,
1.520299818366766,200,
19.415799994021654,200,
25.68940003402531,200,
1.8135998398065567,200,
14.869499951601028,200,
17.352099996060133,200,
2.135300077497959,200,
4.019000101834536,200,
2.1645999513566494,200,
26.50279994122684,200,
22.71159994415939,200,
2.3471000604331493,200,
4.1275001130998135,200,
3.059500129893422,200,
2.9629000928252935,200,
3.099600085988641,200,
3.5621998831629753,200,
3.84159991517663,200,
3.804099978879094,200,
3.8967998698353767,200,
3.4662000834941864,200,
2.764499979093671,200,
2.691900124773383,200,
2.875200007110834,200,
2.926899818703532,200,
3.0970999505370855,200,
3.719799919053912,200,
3.9796000346541405,200,
3.426899900659919,200,
3.086100099608302,200,
3.1216000206768513,200,
2.9932998586446047,200,
2.9047001153230667,200,
3.6643999628722668,200,
2.651400165632367,200,
20.491500152274966,200,
21.50979987345636,200,
3.3136000856757164,200,
16.49800012819469,200,
14.02190001681447,200,
2.5039000902324915,200,
12.076799990609288,200,
14.97569982893765,200,
2.55430000834167,200,
14.750999864190817,200,
27.90299989283085,200,
16.868199920281768,200,
2.343899803236127,200,
1.9934999290853739,200,
14.090499840676785,200,
26.612799847498536,200,
16.55700011178851,200,
15.119199873879552,200,
15.08740009739995,200,
2.2251999471336603,200,
2.8990001883357763,200,
1.7991000786423683,200,
2.9798001050949097,200,
2.8475001454353333,200,
25.225399993360043,200,
24.235799908638,200,
1.98049983009696,200,
1.4584001619368792,200,
14.126399997621775,200,
27.0346999168396,200,
16.631399979814887,200,
2.068700036033988,200,
13.545299880206585,200,
15.446800040081143,200,
2.7203999925404787,200,
2.9408999253064394,200,
1.792800147086382,200,
12.05300004221499,200,
2.0369000267237425,200,
13.955899979919195,200,
26.360899908468127,200,
2.170399995520711,200,
15.206299955025315,200,
13.74960015527904,200,
2.298900159075856,200,
14.108099974691868,200,
15.713100088760257,200,
27.568599907681346,200,
2.85649998113513,200,
4.603399895131588,200,
11.92809990607202,200,
25.98590007983148,200,
16.271400032564998,200,
15.301099978387356,200,
15.274399891495705,200,
2.9664000030606985,200,
2.827499993145466,200,
2.1902001462876797,200,
3.5655000247061253,200,
6.2518001068383455,200,
1.7378001939505339,200,
3.700600005686283,200,
3.1965000089257956,200,
2.1460000425577164,200,
17.55730016157031,200,
16.58809999935329,200,
27.37819985486567,200,
2.138199983164668,200,
13.020999962463975,200,
15.14159981161356,200,
1.963400049135089,200,
2.556400140747428,200,
4.581100074574351,200,
2.575000049546361,200,
24.385799886658788,200,
26.999800000339746,200,
3.602399956434965,200,
2.042700070887804,200,
13.938399963080883,200,
17.69540016539395,200,
26.544100139290094,200,
3.256900003179908,200,
3.0392000917345285,200,
2.4600999895483255,200,
3.4890000242739916,200,
2.6850998401641846,200,
20.658900029957294,200,
22.460599895566702,200,
3.342399839311838,200,
13.931999914348125,200,
16.087699914351106,200,
27.288399869576097,200,
15.348999993875623,200,
15.2751998975873,200,
2.2430000826716423,200,
4.034300101920962,200,
3.471700008958578,200,
3.1268999446183443,200,
23.401999846100807,200,
25.16640000976622,200,
4.805699922144413,200,
15.217799926176667,200,
2.0004999823868275,200,
13.09569994919002,200,
25.573200080543756,200,
1.9159999210387468,200,
15.649900073185563,200,
14.587299898266792,200,
1.8898998387157917,200,
14.088599942624569,200,
15.999200055375695,200,
15.396399889141321,200,
16.010000137612224,200,
1.9592000171542168,200,
14.944999944418669,200,
13.295199954882264,200,
2.368600107729435,200,
13.486300129443407,200,
16.75079995766282,200,
3.8773000705987215,200,
14.438699930906296,200,
2.5059001054614782,200,
14.96000005863607,200,
28.69549999013543,200,
2.9966000001877546,200,
5.072200205177069,200,
22.57110015489161,200,
24.70900001935661,200,
2.288299845531583,200,
5.868100095540285,200,
3.6838999949395657,200,
2.3052000906318426,200,
22.516600089147687,200,
25.70780017413199,200,
14.45279992185533,200,
16.181499930098653,200,
2.4513001553714275,200,
12.59690010920167,200,
14.94350004941225,200,
15.673999907448888,200,
16.019399976357818,200,
2.4933998938649893,200,
2.8516999445855618,200,
1.7063000705093145,200,
2.5216001085937023,200,
24.31930019520223,200,
26.00060007534921,200,
17.758600180968642,200,
16.905999975278974,200,
15.358000062406063,200,
15.772500075399876,200,
14.497499912977219,200,
15.370800159871578,200,
15.90090012177825,200,
16.794899944216013,200,
14.099400024861097,200,
14.598800102248788,200,
2.227099845185876,200,
15.16890013590455,200,
13.017600169405341,200,
2.643600106239319,200,
14.717499958351254,200,
17.3097001388669,200,
29.34030001051724,200,
2.846399787813425,200,
13.572899857535958,200,
26.91879984922707,200,
16.252300003543496,200,
2.3213999811559916,200,
12.869499856606126,200,
15.402500052005053,200,
15.552999917417765,200,
15.651799971237779,200,
1.9966000691056252,200,
13.19840014912188,200,
15.21169999614358,200,
15.543500194326043,200,
16.3677001837641,200,
1.9303001463413239,200,
3.651699982583523,200,
2.499199938029051,200,
2.4290999863296747,200,
2.568300114944577,200,
2.821299945935607,200,
3.1336999963968992,200,
4.903499968349934,200,
3.6916998215019703,200,
2.8194000478833914,200,
4.629499977454543,200,
1.4557999093085527,200,
13.897299999371171,200,
26.988399913534522,200,
16.109799966216087,200,
15.574100194498897,200,
15.800500055775046,200,
2.2899999748915434,200,
15.046000014990568,200,
15.351600013673306,200,
28.030900051817298,200,
15.720099909231067,200,
15.65190008841455,200,
2.638600068166852,200,
4.469600040465593,200,
12.573700165376067,200,
27.263700030744076,200,
17.005100147798657,200,
2.308199880644679,200,
15.73200011625886,200,
13.333600014448166,200,
2.2928998805582523,200,
13.694900088012218,200,
16.101700020954013,200,
2.0667999051511288,200,
13.486800016835332,200,
15.350200003013015,200,
2.076999982818961,200,
2.976299962028861,200,
11.826700065284967,200,
27.218300150707364,200,
16.75049983896315,200,
1.6610000748187304,200,
3.3100000582635403,200,
11.789399897679687,200,
1.6265998128801584,200,
14.16989997960627,200,
26.760999811813235,200,
2.368899993598461,200,
13.352399924769998,200,
15.630099922418594,200,
1.8760999664664268,200,
3.29469982534647,200,
1.639900030568242,200,
12.660399777814746,200,
26.942099910229445,200,
17.378399847075343,200,
16.5631000418216,200,
17.14779995381832,200,
14.148500049486756,200,
14.105200069025159,200,
4.179599927738309,200,
4.511200124397874,200,
3.346499986946583,200,
2.042599953711033,200,
1.5251000877469778,200,
3.0555000994354486,200,
2.143499907106161,200,
2.687999978661537,200,
1.6723000444471836,200,
24.172900011762977,200,
1.6615998465567827,200,
24.17370001785457,200,
14.86230012960732,200,
2.0876999478787184,200,
4.243799950927496,200,
2.8605000115931034,200,
26.265199994668365,200,
26.94330015219748,200,
2.06990004517138,200,
1.8894001841545105,200,
15.095800161361694,200,
2.224500058218837,200,
28.215500060468912,200,
14.775300165638328,200,
15.019700163975358,200,
15.548700001090765,200,
15.744599979370832,200,
16.47410006262362,200,
2.3755000438541174,200,
14.01920011267066,200,
27.326100040227175,200,
16.37640013359487,200,
2.38870014436543,200,
13.01610004156828,200,
15.384499914944172,200,
2.9527998995035887,200,
14.632500009611249,200,
28.171599842607975,200,
16.58329996280372,200,
2.7734998147934675,200,
4.160300130024552,200,
1.9727000035345554,200,
26.572000002488494,200,
23.2547998894006,200,
2.4009000044316053,200,
15.84979984909296,200,
13.167700031772256,200,
14.3992998637259,200,
14.953100122511387,200,
15.12859994545579,200,
15.942899975925684,200,
15.623500104993582,200,
15.528300078585744,200,
1.596400048583746,200,
1.4914998319000006,200,
12.33559986576438,200,
16.0693998914212,200,
1.618900103494525,200,
1.5128999948501587,200,
14.350000070407987,200,
26.23889991082251,200,
15.890099806711078,200,
15.313599957153201,200,
16.609800048172474,200,
14.791399938985705,200,
15.226500108838081,200,
1.884200144559145,200,
16.180300153791904,200,
14.767099870368838,200,
2.2324000019580126,200,
14.678699895739555,200,
12.913600075989962,200,
2.460299991071224,200,
1.5110999811440706,200,
1.3535001780837774,200,
1.362500013783574,200,
13.362400000914931,200,
23.122099926695228,200,
16.684699803590775,200,
2.104800194501877,200,
15.535600017756224,200,
13.198699802160263,200,
1.9888998940587044,200,
2.356400014832616,200,
14.452500035986304,200,
15.819699969142675,200,
25.951200164854527,200,
15.344600193202496,200,
15.85169997997582,200,
2.660500118508935,200,
3.1393999233841896,200,
5.905599799007177,200,
2.5611999444663525,200,
24.96950002387166,200,
22.33970002271235,200,
2.127199899405241,200,
4.019200103357434,200,
12.383499881252646,200,
26.689600199460983,200,
16.183899948373437,200,
3.0857999809086323,200,
3.781600156798959,200,
33.69279997423291,200,
36.68579994700849,200,
5.596899893134832,200,
5.014199996367097,200,
5.718299886211753,200,
4.456700058653951,200,
3.7636999040842056,200,
25.74559999629855,200,
23.793600033968687,200,
4.104899941012263,200,
6.380400154739618,200,
2.915899967774749,200,
3.6085001192986965,200,
26.255300035700202,200,
17.271700082346797,200,
3.0637001618742943,200,
7.468900177627802,200,
4.7936998307704926,200,
2.664799802005291,200,
4.677500110119581,200,
3.528699977323413,200,
5.412800004705787,200,
4.183799959719181,200,
4.051799885928631,200,
4.425299819558859,200,
3.5734998527914286,200,
4.285899922251701,200,
3.9676998276263475,200,
4.5038999523967505,200,
4.288499942049384,200,
3.596500027924776,200,
3.994900034740567,200,
4.581499844789505,200,
4.171299980953336,200,
4.222499905154109,200,
4.3790999334305525,200,
4.208900034427643,200,
3.7085998337715864,200,
3.6523998714983463,200,
4.179300041869283,200,
4.550699843093753,200,
4.364700056612492,200,
6.272299913689494,200,
6.949499947950244,200,
5.225500091910362,200,
5.266200052574277,200,
7.584699895232916,200,
6.624900037422776,200,
3.1693000346422195,200,
1.991200027987361,200,
1.7583000008016825,200,
1.7899000085890293,200,
2.6593999937176704,200,
3.9838000666350126,200,
1.7417999915778637,200,
1.6688001342117786,200,
1.6828000079840422,200,
1.7233998514711857,200,
1.6199999954551458,200,
1.6839001327753067,200,
4.788700025528669,200,
29.417000012472272,200,
3.06499982252717,200,
4.432199988514185,200,
2.347799949347973,200,
2.709799911826849,200,
2.2268001921474934,200,
2.366499975323677,200,
2.761299954727292,200,
2.7401000261306763,200,
5.675300024449825,200,
5.9443998616188765,200,
2.0280000753700733,200,
1.7475998029112816,200,
1.6642999835312366,200,
1.8557000439614058,200,
3.4311001654714346,200,
2.1892001386731863,200,
26.465500006452203,200,
1.7576999962329865,200,
1.8764000851660967,200,
1.8898001872003078,200,
1.8555999267846346,200,
1.6614000778645277,200,
1.6029998660087585,200,
1.549100037664175,200,
1.5050999354571104,200,
26.99909987859428,200,
3.5662997979670763,200,
14.973199926316738,200,
17.413900000974536,200,
2.1987000945955515,200,
15.913099981844425,200,
14.313000021502376,200,
2.3441000375896692,200,
12.265900149941444,200,
14.823600184172392,200,
14.90660011768341,200,
15.698899980634451,200,
15.69749996997416,200,
15.572600066661835,200,
2.5641999673098326,200,
3.6573000252246857,200,
27.863799827173352,200,
26.80550003424287,200,
2.2988999262452126,200,
3.6186999641358852,200,
1.9032000564038754,200,
12.792600085958838,200,
24.653300177305937,200,
15.637299977242947,200,
2.230799989774823,200,
3.634599968791008,200,
3.0004000291228294,200,
26.978699956089258,200,
25.998699944466352,200,
3.5926001146435738,200,
5.854699993506074,200,
3.7118999753147364,200,
3.9040001574903727,200,
4.12619998678565,200,
4.017000086605549,200,
6.657199934124947,200,
5.444900132715702,200,
4.284400027245283,200,
22.2034000325948,200,
26.228600181639194,200,
7.726199924945831,200,
11.276500066742301,200,
4.1166001465171576,200,
4.072499927133322,200,
2.603899920359254,200,
5.926199955865741,200,
17.156299902126193,200,
3.4228998702019453,200,
4.253100138157606,200,
4.759399918839335,200,
40.62439990229905,200,
23.542100097984076,200,
4.904000088572502,200,
9.862100007012486,200,
6.8870000541210175,200,
4.879399901255965,200,
4.93970001116395,200,
3.2477998174726963,200,
3.6509998608380556,200,
5.589700071141124,200,
3.509900067001581,200,
3.841700032353401,200,
6.634399993345141,200,
28.53590017184615,200,
3.843100043013692,200,
5.660899914801121,200,
3.939699847251177,200,
4.113300004974008,200,
4.950999980792403,200,
6.126800086349249,200,
1.8874998204410076,200,
1.8019000999629498,200,
1.8239000346511602,200,
1.909100217744708,200,
2.3395000025629997,200,
15.33470000140369,200,
7.350999861955643,200,
5.329400068148971,200,
2.8074998408555984,200,
2.5041999761015177,200,
3.2181001733988523,200,
6.9552999921143055,200,
2.7572999242693186,200,
2.1467998158186674,200,
3.001699922606349,200,
23.552400059998035,200,
2.645100001245737,200,
4.137400072067976,200,
3.366400022059679,200,
3.2684998586773872,200,
3.5443000961095095,200,
2.5539000052958727,200,
2.3715998977422714,200,
1.9644999410957098,200,
3.2049999572336674,200,
2.0216000266373158,200,
2.3129999171942472,200,
2.1418998949229717,200,
1.8583000637590885,200,
1.7803998198360205,200,
19.530000165104866,200,
4.100600024685264,200,
3.5536999348551035,200,
2.629299880936742,200,
3.1394001562148333,200,
3.182500135153532,200,
2.783200005069375,200,
3.0241000931710005,200,
2.3791000712662935,200,
3.596800146624446,200,
3.0541999731212854,200,
2.634500153362751,200,
3.5292000975459814,200,
3.2492000609636307,200,
2.3737000301480293,200,
2.7526000048965216,200,
2.0862999372184277,200,
19.982900004833937,200,
24.750499986112118,200,
2.3328999523073435,200,
3.393700113520026,200,
2.5676998775452375,200,
2.390400040894747,200,
26.895300019532442,200,
23.383700056001544,200,
14.815399888902903,200,
15.601000050082803,200,
16.260699834674597,200,
16.346100019291043,200,
2.774599939584732,200,
13.325899839401245,200,
15.909699955955148,200,
2.8527001850306988,200,
13.115799985826015,200,
16.2903000600636,200,
4.520399961620569,200,
13.765200041234493,200,
2.8100002091377974,200,
25.826600147411227,200,
13.494800077751279,200,
3.153200028464198,200,
5.139900138601661,200,
2.4059999268501997,200,
22.515499964356422,200,
27.377100195735693,200,
3.1159999780356884,200,
4.232499981299043,200,
4.183499841019511,200,
4.131900146603584,200,
2.8704998549073935,200,
3.491499926894903,200,
4.215800203382969,200,
6.144799990579486,200,
4.577399929985404,200,
12.897999957203865,200,
13.651899993419647,200,
2.620500046759844,200,
13.562199892476201,200,
16.031100181862712,200,
14.713200042024255,200,
15.252399956807494,200,
2.1100000012665987,200,
13.62759992480278,200,
15.81480004824698,200,
2.4246000684797764,200,
1.7036001663655043,200,
1.6741999424993992,200,
1.61540019325912,200,
2.134700072929263,200,
2.075199969112873,200,
15.004100045189261,200,
2.7433999348431826,200,
1.9310000352561474,200,
1.8233000300824642,200,
1.6469999682158232,200,
2.368499990552664,200,
18.5564998537302,200,
2.0013998728245497,200,
2.805400174111128,200,
1.851599896326661,200,
1.8142000772058964,200,
20.475199911743402,200,
1.9886998925358057,200,
24.68489995226264,200,
16.033400082960725,200,
2.2372000385075808,200,
13.609500136226416,200,
27.464000042527914,200,
16.941700130701065,200,
3.5729999653995037,200,
4.058500053361058,200,
2.293199999257922,200,
23.575300117954612,200,
26.508600218221545,200,
15.092399902641773,200,
15.670699998736382,200,
2.4826000444591045,200,
2.391299931332469,200,
13.502900023013353,200,
2.2104999516159296,200,
14.58830013871193,200,
25.41509992443025,200,
2.2120000794529915,200,
3.5798000171780586,200,
4.6974001452326775,200,
3.646800061687827,200,
2.560500055551529,200,
3.5280000884085894,200,
1.739000203087926,200,
3.094100160524249,200,
14.017899986356497,200,
20.752600161358714,200,
2.892900025472045,200,
3.1232000328600407,200,
2.1311999298632145,200,
3.0702000949531794,200,
3.3360000234097242,200,
3.2558999955654144,200,
3.2196000684052706,200,
3.712200094014406,200,
7.082300027832389,200,
6.908099865540862,200,
6.31910003721714,200,
5.298499949276447,200,
3.06130014359951,200,
2.9335999861359596,200,
15.38390014320612,200,
21.136999828740954,200,
2.684800187125802,200,
4.056799924001098,200,
2.309999894350767,200,
28.66320009343326,200,
25.391299976035953,200,
2.926100045442581,200,
13.088800013065338,200,
15.866199973970652,200,
26.86180011369288,200,
2.906200010329485,200,
3.907599952071905,200,
2.1981000900268555,200,
11.883399914950132,200,
2.5881000328809023,200,
13.733399799093604,200,
24.728500051423907,200,
2.9587000608444214,200,
4.6172000002115965,200,
24.418399902060628,200,
26.126000098884106,200,
2.3773000575602055,200,
5.319199990481138,200,
3.450899850577116,200,
2.3775999434292316,200,
22.70059986039996,200,
25.013200007379055,200,
3.0590000096708536,200,
3.4817999694496393,200,
2.377999946475029,200,
2.1003999281674623,200,
23.15440005622804,200,
27.92260004207492,200,
2.256799954921007,200,
3.6816000938415527,200,
2.7691000141203403,200,
25.76560014858842,200,
24.28489993326366,200,
3.4256998915225267,200,
3.889800049364567,200,
2.005400136113167,200,
3.3460999839007854,200,
25.778000010177493,200,
24.564000079408288,200,
3.180400002747774,200,
14.098899904638529,200,
9.01430007070303,200,
26.13809984177351,200,
16.024600015953183,200,
22.484299959614873,200,
2.1856999956071377,200,
11.99090015143156,200,
2.9947999864816666,200,
18.802399979904294,200,
2.1261998917907476,200,
12.248999904841185,200,
16.567900078371167,200,
24.80489993467927,200,
2.5023999623954296,200,
15.953899826854467,200,
13.37780011817813,200,
1.8646998796612024,200,
1.6242999117821455,200,
13.710000086575747,200,
26.22590004466474,200,
16.48740004748106,200,
2.1979999728500843,200,
12.98759994097054,200,
15.483499970287085,200,
2.737100003287196,200,
15.048299916088581,200,
13.108300045132637,200,
2.7745000552386045,200,
3.3705998212099075,200,
2.7155999559909105,200,
2.794999862089753,200,
25.206999853253365,200,
24.310899898409843,200,
2.527200151234865,200,
3.617300186306238,200,
12.609099969267845,200,
8.146099979057908,200,
26.254199910908937,200,
15.707999933511019,200,
22.341800155118108,200,
14.713299926370382,200,
15.281799947842956,200,
1.9575001206248999,200,
13.280299957841635,200,
15.46449982561171,200,
1.999499974772334,200,
13.254899997264147,200,
16.014100052416325,200,
1.8984000198543072,200,
2.733799861744046,200,
12.652399949729443,200,
14.25399980507791,200,
1.9306999165564775,200,
2.3980000987648964,200,
13.622199883684516,200,
12.918199878185987,200,
2.1941999439150095,200,
15.301399864256382,200,
13.070499990135431,200,
1.8680000212043524,200,
3.1421000603586435,200,
13.183000031858683,200,
12.624399969354272,200,
1.8015000969171524,200,
13.083399971947074,200,
15.675599919632077,200,
2.1873998921364546,200,
13.394600013270974,200,
16.159099992364645,200,
2.566999988630414,200,
15.501399990171194,200,
13.540699845179915,200,
14.52860003337264,200,
15.372900059446692,200,
17.080300021916628,200,
16.938199987635016,200,
15.119299991056323,200,
15.615799929946661,200,
2.4286999832838774,200,
4.302100045606494,200,
3.0058000702410936,200,
1.4754000585526228,200,
27.054399950429797,200,
24.550999980419874,200,
3.2490999437868595,200,
14.28290014155209,200,
27.63939998112619,200,
16.370800090953708,200,
16.28109999001026,200,
16.570899868384004,200,
14.54179990105331,200,
15.145399840548635,200,
2.1056998521089554,200,
12.875099899247289,200,
15.660200035199523,200,
2.1297999192029238,200,
2.5841998867690563,200,
14.493199996650219,200,
13.999999966472387,200,
1.6290999483317137,200,
11.885300045832992,200,
14.704100089147687,200,
2.486299956217408,200,
13.574599986895919,200,
15.575099969282746,200,
16.080500092357397,200,
16.24440005980432,200,
2.479800023138523,200,
3.751200158149004,200,
3.023300087079406,200,
2.728499937802553,200,
2.773500047624111,200,
2.994899870827794,200,
3.485499881207943,200,
3.8302999455481768,200,
4.841899964958429,200,
4.789300030097365,200,
3.4056000877171755,200,
28.099799994379282,200,
26.844500098377466,200,
14.766499865800142,200,
14.741500141099095,200,
2.5090998969972134,200,
2.088200068101287,200,
2.079299883916974,200,
13.29549984075129,200,
15.752000035718083,200,
22.343400167301297,200,
3.5294999834150076,200,
4.35460009612143,200,
2.4632997810840607,200,
3.9156998973339796,200,
3.2353000715374947,200,
2.750200219452381,200,
2.7737999334931374,200,
3.899400122463703,200,
4.886100068688393,200,
4.207100020721555,200,
4.80070011690259,200,
5.137700121849775,200,
20.470899995416403,200,
23.110399954020977,200,
2.1296001505106688,200,
15.82619990222156,200,
14.31710016913712,200,
2.4025000166147947,200,
15.142599819228053,200,
12.986400164663792,200,
2.115099923685193,200,
2.9186999890953302,200,
1.725299982354045,200,
2.6944999117404222,200,
1.4951000921428204,200,
27.09209988825023,200,
24.479199899360538,200,
2.208100166171789,200,
3.9641999173909426,200,
2.9916001949459314,200,
2.9442000668495893,200,
3.0191000550985336,200,
2.8506999369710684,200,
3.033400047570467,200,
3.611199790611863,200,
17.46660005301237,200,
19.556700019165874,200,
2.4390998296439648,200,
15.212999889627099,200,
13.329199980944395,200,
15.926299849525094,200,
15.724299941211939,200,
16.113100107759237,200,
16.17299998179078,200,
15.239799860864878,200,
15.752099920064211,200,
3.0306000262498856,200,
4.434600006788969,200,
11.821600142866373,200,
26.091299951076508,200,
16.372099984437227,200,
15.696000074967742,200,
15.571200056001544,200,
2.716599963605404,200,
5.07630011998117,200,
3.1869998201727867,200,
1.4514001086354256,200,
22.706700023263693,200,
25.67650005221367,200,
2.4554000701755285,200,
3.2112000044435263,200,
2.197700086981058,200,
2.822000067681074,200,
2.263600006699562,200,
12.700799852609634,200,
2.1274001337587833,200,
1.9670999608933926,200,
21.178900031372905,200,
13.078899821266532,200,
15.569200040772557,200,
16.028099926188588,200,
2.45789997279644,200,
13.201199937611818,200,
15.916300006210804,200,
15.580600127577782,200,
16.215499956160784,200,
15.964899910613894,200,
16.425399808213115,200,
2.9811998829245567,200,
3.372899955138564,200,
2.489199861884117,200,
12.117699952796102,200,
2.082300139591098,200,
2.1267998963594437,200,
1.9221000839024782,200,
2.272200072184205,200,
2.7855001389980316,200,
4.752499982714653,200,
26.51029988192022,200,
2.4862000718712807,200,
3.9059999398887157,200,
3.253999864682555,200,
1.9700000993907452,200,
22.55419990979135,200,
26.586499996483326,200,
2.0161999855190516,200,
3.6639999598264694,200,
2.744399942457676,200,
3.171500051394105,200,
3.287599887698889,200,
3.1054001301527023,200,
1.9244002178311348,200,
3.450700081884861,200,
21.822100039571524,200,
15.067599946632981,200,
2.815699903294444,200,
4.5940999407321215,200,
4.367399960756302,200,
27.13689999654889,200,
25.179000105708838,200,
3.683599876239896,200,
5.426099989563227,200,
2.3306000512093306,200,
2.5909999385476112,200,
3.0716999899595976,200,
2.954899799078703,200,
26.60789992660284,200,
14.063499867916107,200,
3.448900068178773,200,
2.675299998372793,200,
2.5124000385403633,200,
13.802299974486232,200,
16.388299874961376,200,
22.00319990515709,200,
5.306300008669496,200,
8.325399830937386,200,
6.760700140148401,200,
4.5194001868367195,200,
5.801300052553415,200,
6.297899875789881,200,
3.5019998904317617,200,
5.9635997749865055,200,
5.27750002220273,200,
4.713500151410699,200,
4.906699992716312,200,
3.8002999499440193,200,
5.205400055274367,200,
5.644400138407946,200,
4.947499837726355,200,
4.869699943810701,200,
4.901299951598048,200,
5.325299920514226,200,
4.090999951586127,200,
4.17069997638464,200,
5.038299830630422,200,
5.437999963760376,200,
6.440000142902136,200,
5.669800098985434,200,
4.769900115206838,200,
5.566300125792623,200,
6.490100175142288,200,
8.681500097736716,200,
6.6541999112814665,200,
3.635900095105171,200,
3.918499918654561,200,
3.2856001053005457,200,
7.152399979531765,200,
5.906200036406517,200,
3.543199971318245,200,
3.0114001128822565,200,
2.6622998993843794,200,
2.518499968573451,200,
15.014899894595146,200,
5.175899947062135,200,
4.913700046017766,200,
4.534299951046705,200,
3.2303999178111553,200,
4.264699993655086,200,
4.222800023853779,200,
4.504899960011244,200,
11.22620003297925,200,
8.982900064438581,200,
3.0713998712599277,200,
4.276500083506107,200,
4.07699984498322,200,
2.529399935156107,200,
13.578400015830994,200,
18.864699872210622,200,
3.584299935027957,200,
5.436800187453628,200,
2.0558000542223454,200,
1.9160001538693905,200,
1.9203999545425177,200,
2.4257998447865248,200,
3.0479999259114265,200,
2.7028999757021666,200,
2.2980000358074903,200,
25.61720018275082,200,
2.5429001543670893,200,
3.3371001482009888,200,
2.460600109770894,200,
2.256799954921007,200,
5.054800072684884,200,
23.70549994520843,200,
3.8215999957174063,200,
6.61860010586679,200,
4.823900060728192,200,
4.582100082188845,200,
3.956099972128868,200,
5.3628000896424055,200,
5.193199962377548,200,
5.272399866953492,200,
7.785300025716424,200,
5.001199897378683,200,
6.538299843668938,200,
7.559899939224124,200,
4.721499979496002,200,
5.413200007751584,200,
4.647199995815754,200,
5.053999833762646,200,
6.174299865961075,200,
5.011000204831362,200,
5.082499934360385,200,
5.6125998962670565,200,
4.533699946478009,200,
4.9420001450926065,200,
5.301600089296699,200,
4.7339999582618475,200,
3.5463999956846237,200,
4.878800129517913,200,
6.470100022852421,200,
6.122800055891275,200,
5.540200043469667,200,
4.279900109395385,200,
3.893899964168668,200,
4.781200084835291,200,
5.976399872452021,200,
6.562900030985475,200,
4.869699943810701,200,
3.0343998223543167,200,
4.1912999004125595,200,
3.2750999089330435,200,
2.8129001148045063,200,
3.8018999621272087,200,
5.273299990221858,200,
5.899399984627962,200,
3.71160008944571,200,
3.2573998905718327,200,
3.7712000776082277,200,
3.5290000960230827,200,
3.555599832907319,200,
3.6235000006854534,200,
2.6593999937176704,200,
20.940399961546063,200,
2.362400060519576,200,
29.255999950692058,200,
14.632500009611249,200,
3.1020999886095524,200,
2.3538998793810606,200,
13.099799863994122,200,
3.100399859249592,200,
2.3058000952005386,200,
2.165100071579218,200,
2.1597999148070812,200,
22.094900021329522,200,
2.5949999690055847,200,
2.9488999862223864,200,
2.7450001798570156,200,
2.0242000464349985,200,
2.007000148296356,200,
19.686799962073565,200,
4.061100073158741,200,
3.368699923157692,200,
2.544200047850609,200,
2.7103000320494175,200,
2.240000059828162,200,
2.1643999498337507,200,
13.293999945744872,200,
3.650899976491928,200,
2.118899952620268,200,
2.098000142723322,200,
2.5930001866072416,200,
2.3944000713527203,200,
2.412599977105856,200,
16.37869980186224,200,
3.800399834290147,200,
2.857399871572852,200,
3.152799792587757,200,
2.7715000323951244,200,
2.431900007650256,200,
2.2428000811487436,200,
2.4512000381946564,200,
2.8222999535501003,200,
2.1095999982208014,200,
2.1291999146342278,200,
2.0626001060009003,200,
2.9975001234561205,200,
24.729900062084198,200,
3.923600073903799,200,
2.3277001455426216,200,
3.9230999536812305,200,
1.884800149127841,200,
2.073999959975481,200,
1.9165000412613153,200,
2.4386001750826836,200,
12.162599945440888,200,
5.194799974560738,200,
4.894699901342392,200,
3.3344998955726624,200,
1.9058000762015581,200,
1.9389998633414507,200,
2.1317999344319105,200,
4.673300078138709,200,
29.742499813437462,200,
17.610799986869097,200,
2.981300000101328,200,
2.2325997706502676,200,
2.0043000113219023,200,
2.080699894577265,200,
3.8850000128149986,200,
2.9859000351279974,200,
26.752399979159236,200,
2.855299971997738,200,
2.5603999383747578,200,
2.0258999429643154,200,
1.8986000213772058,200,
25.61160014010966,200,
21.895600017160177,200,
16.424600034952164,200,
3.1303002033382654,200,
4.089799942448735,200,
3.7849999498575926,200,
4.1726999916136265,200,
2.9690000228583813,200,
2.5264001451432705,200,
3.226399887353182,200,
2.4326001293957233,200,
1.9890000112354755,200,
18.485400127246976,200,
2.1677000913769007,200,
2.312899800017476,200,
3.4537999890744686,200,
2.1325000561773777,200,
2.0377999171614647,200,
27.09150011651218,200,
2.0560999400913715,200,
2.0574000664055347,200,
20.105599891394377,200,
13.07830004952848,200,
2.3743000347167253,200,
1.9026000518351793,200,
14.757800148800015,200,
1.9396999850869179,200,
2.6294998824596405,200,
2.0318999886512756,200,
26.39289991930127,200,
2.669000066816807,200,
2.786599798128009,200,
2.328700153157115,200,
3.388900076970458,200,
3.115300089120865,200,
25.59030009433627,200,
3.586200065910816,200,
3.7212001625448465,200,
14.744499931111932,200,
13.33300000987947,200,
15.7191997859627,200,
15.742900082841516,200,
2.3233999963849783,200,
14.241399941965938,200,
2.512499922886491,200,
28.193699894472957,200,
14.099200023338199,200,
2.6235999539494514,200,
13.414400164037943,200,
27.887800009921193,200,
17.07580010406673,200,
14.814699999988079,200,
15.35509992390871,200,
2.8711999766528606,200,
3.5798000171780586,200,
26.835300028324127,200,
28.286000015214086,200,
15.441600000485778,200,
15.255700098350644,200,
15.217199921607971,200,
15.348199987784028,200,
2.34250002540648,200,
3.1409000512212515,200,
2.9413998126983643,200,
3.6424000281840563,200,
25.254199979826808,200,
23.63610011525452,200,
2.7139000594615936,200,
4.131499910727143,200,
3.0490998178720474,200,
3.8598000537604094,200,
2.1158999297767878,200,
19.747700076550245,200,
24.957799818366766,200,
2.2577999625355005,200,
4.080699989572167,200,
12.385699898004532,200,
27.781300013884902,200,
16.735200071707368,200,
14.278399990871549,200,
14.944199938327074,200,
2.201699884608388,200,
13.92870000563562,200,
16.885400051251054,200,
14.676300110295415,200,
14.825999969616532,200,
2.3539999965578318,200,
16.455200035125017,200,
14.655600069090724,200,
14.040400041267276,200,
14.314299914985895,200,
2.491899998858571,200,
3.0779000371694565,200,
27.40159980021417,200,
26.755600003525615,200,
1.9631001632660627,200,
14.886099845170975,200,
13.529299991205335,200,
3.56330000795424,200,
3.6787998396903276,200,
2.6401998475193977,200,
2.3974000941962004,200,
26.19599993340671,200,
21.757999900728464,200,
2.0169001072645187,200,
2.4944001343101263,200,
13.603500090539455,200,
12.884599855169654,200,
2.2136999759823084,200,
13.109200168401003,200,
15.947500010952353,200,
15.30510000884533,200,
15.43140015564859,200,
2.015399979427457,200,
13.22630001232028,200,
15.16249985434115,200,
16.323799965903163,200,
16.820400021970272,200,
6.989199900999665,200,
1.6330999787896872,200,
13.375699985772371,200,
17.120500095188618,200,
21.910500014200807,200,
2.5078998878598213,200,
4.882100038230419,200,
27.62500010430813,200,
25.746400002390146,200,
2.310900017619133,200,
4.029099829494953,200,
3.1066001392900944,200,
25.254199979826808,200,
28.4041000995785,200,
14.550999971106648,200,
16.2793998606503,200,
15.45800012536347,200,
15.976799884811044,200,
15.226899879053235,200,
15.387900173664093,200,
1.87740009278059,200,
13.123600045219064,200,
15.800399938598275,200,
1.8804999999701977,200,
12.690400006249547,200,
15.364799881353974,200,
1.889099832624197,200,
3.027099883183837,200,
14.483100036159158,200,
13.144899858161807,200,
2.155400114133954,200,
1.6457000747323036,200,
14.696799917146564,200,
17.59389997459948,200,
28.40519999153912,200,
2.5312998332083225,200,
3.7811000365763903,200,
11.658200062811375,200,
2.4331999011337757,200,
26.803899789229035,200,
14.27789987064898,200,
1.9622000399976969,200,
3.5328001249581575,200,
13.054799987003207,200,
15.641000121831894,200,
27.72830007597804,200,
2.3087000008672476,200,
4.672100069001317,200,
4.081999883055687,200,
3.7805999163538218,200,
3.5033999010920525,200,
3.355999942868948,200,
3.7807999178767204,200,
7.32939993031323,200,
7.475200109183788,200,
2.7836000081151724,200,
2.4611998815089464,200,
2.188999904319644,200,
2.889700001105666,200,
25.23920009844005,200,
17.215800005942583,200,
5.015800008550286,200,
5.018900148570538,200,
2.9449001885950565,200,
4.185300087556243,200,
3.2864001113921404,200,
21.290300181135535,200,
19.7478998452425,200,
3.8727999199181795,200,
3.9932001382112503,200,
3.033899934962392,200,
5.555400159209967,200,
3.6406998988240957,200,
3.3725001849234104,200,
3.6482999566942453,200,
4.180700052529573,200,
3.6420999094843864,200,
2.6587999891489744,200,
2.2823000326752663,200,
12.982800137251616,200,
22.61819993145764,200,
16.2321999669075,200,
3.223300212994218,200,
4.503699950873852,200,
3.2166000455617905,200,
4.324600100517273,200,
6.599599961191416,200,
4.13080002181232,200,
4.281299887225032,200,
5.962299881502986,200,
3.4944999497383833,200,
4.0015000849962234,200,
3.8634000811725855,200,
4.346199799329042,200,
4.683299921452999,200,
4.742500139400363,200,
3.558600088581443,200,
2.555800136178732,200,
11.847599875181913,200,
15.933300135657191,200,
26.607400039210916,200,
1.9770001526921988,200,
3.0309001449495554,200,
2.360899932682514,200,
1.6275998204946518,200,
1.5723002143204212,200,
1.6212000045925379,200,
1.5880002174526453,200,
1.99010013602674,200,
12.540699914097786,200,
6.879399996250868,200,
9.424400050193071,200,
2.3132001515477896,200,
1.702300040051341,200,
1.6203999985009432,200,
3.8030999712646008,200,
1.896900124847889,200,
22.561700083315372,200,
15.499500092118979,200,
27.08710008300841,200,
15.09739994071424,200,
15.625699888914824,200,
15.525600174441934,200,
15.516199870035052,200,
2.0196998957544565,200,
3.2569998875260353,200,
2.394299954175949,200,
12.685599969699979,200,
15.988999977707863,200,
25.368699803948402,200,
2.3173000663518906,200,
15.890999929979444,200,
13.929000124335289,200,
2.1127001382410526,200,
3.190399846062064,200,
11.806899914517999,200,
15.816600061953068,200,
26.573600014671683,200,
2.373000141233206,200,
14.282300136983395,200,
12.751100119203329,200,
2.51740007661283,200,
14.990800060331821,200,
13.55240005068481,200,
2.776999957859516,200,
15.8118000254035,200,
13.736099936068058,200,
3.749599913135171,200,
5.059500224888325,200,
3.0996999703347683,200,
1.892399974167347,200,
20.46519983559847,200,
24.28640006110072,200,
2.669400069862604,200,
3.5880000796169043,200,
11.810899944975972,200,
26.660599978640676,200,
16.296699875965714,200,
2.4027000181376934,200,
2.1029000636190176,200,
15.038799960166216,200,
27.072099968791008,200,
16.607300145551562,200,
15.5349001288414,200,
16.12460007891059,200,
2.539800014346838,200,
15.578600112348795,200,
13.766799820587039,200,
2.203300129622221,200,
13.012700015679002,200,
15.378799987956882,200,
16.622999915853143,200,
16.37360011227429,200,
2.1397999953478575,200,
13.366000028327107,200,
27.40529994480312,200,
16.56010001897812,200,
15.941200079396367,200,
15.947300009429455,200,
1.8772000912576914,200,
15.746199991554022,200,
13.929500011727214,200,
2.6672000531107187,200,
14.173700008541346,200,
14.569200109690428,200,
27.148899855092168,200,
3.060000017285347,200,
4.203899996355176,200,
3.8391000125557184,200,
2.3423999082297087,200,
25.35169990733266,200,
21.066900109872222,200,
2.8748000040650368,200,
4.753699991852045,200,
24.79650010354817,200,
27.340600034222007,200,
2.2100000642240047,200,
13.750500045716763,200,
15.899900114163756,200,
2.3614000529050827,200,
12.924800161272287,200,
15.817699953913689,200,
15.198699897155166,200,
15.177699970081449,200,
2.5220001116394997,200,
2.9147998429834843,200,
12.926399940624833,200,
13.122899923473597,200,
1.826699823141098,200,
13.537000166252255,200,
16.062199836596847,200,
1.9269001204520464,200,
14.265799894928932,200,
16.430400079116225,200,
14.803200028836727,200,
15.54189994931221,200,
1.867600018158555,200,
12.882299954071641,200,
15.53620002232492,200,
2.302599838003516,200,
1.5936000272631645,200,
14.640100067481399,200,
26.975699933245778,200,
16.98980014771223,200,
2.3062999825924635,200,
4.2149999644607306,200,
28.96639984101057,200,
27.59479987435043,200,
4.178300034254789,200,
14.356600120663643,200,
15.518700005486608,200,
25.675399927422404,200,
15.499999979510903,200,
15.518499771133065,200,
15.431300038471818,200,
15.853799879550934,200,
15.839300118386745,200,
16.229600179940462,200,
2.3205000907182693,200,
12.834599940106273,200,
15.399100026115775,200,
15.756499953567982,200,
15.697899973019958,200,
3.0402999836951494,200,
3.3571000676602125,200,
27.824999997392297,200,
27.58510014973581,200,
2.1027999464422464,200,
16.940099885687232,200,
15.25030005723238,200,
2.0711999386548996,200,
3.62550001591444,200,
2.8239001985639334,200,
2.8000001329928637,200,
2.487699966877699,200,
25.754100177437067,200,
25.14849998988211,200,
1.7273998819291592,200,
3.4298000391572714,200,
26.966200210154057,200,
25.82000009715557,200,
3.081300063058734,200,
15.73169999755919,200,
13.210499892011285,200,
15.746199991554022,200,
15.712499851360917,200,
2.418499905616045,200,
3.5517998039722443,200,
12.102599954232574,200,
27.34009991399944,200,
16.256599919870496,200,
1.6731000505387783,200,
3.206899855285883,200,
3.1693000346422195,200,
3.40340007096529,200,
25.602499954402447,200,
24.41369998268783,200,
2.2700000554323196,200,
15.47079998999834,200,
13.791600009426475,200,
1.9388000946491957,200,
15.519699780270457,200,
13.71560012921691,200,
15.832499833777547,200,
15.683300094678998,200,
1.8635999877005816,200,
13.33569991402328,200,
15.645000152289867,200,
2.0443000830709934,200,
2.588300034403801,200,
13.579800026491284,200,
13.03540007211268,200,
2.0655998960137367,200,
3.0131000094115734,200,
11.851100018247962,200,
27.208799961954355,200,
16.65930007584393,200,
15.662800054997206,200,
16.108599957078695,200,
2.0093999337404966,200,
2.7743999380618334,200,
12.918799882754683,200,
14.085300033912063,200,
2.685599960386753,200,
12.897899840027094,200,
15.84269991144538,200,
2.643600106239319,200,
16.172300092875957,200,
14.08270001411438,200,
2.4303998798131943,200,
12.675399892032146,200,
26.022600010037422,200,
16.240600030869246,200,
2.9070000164210796,200,
5.196099868044257,200,
3.1064997892826796,200,
2.1964998450130224,200,
2.779899863526225,200,
22.985799936577678,200,
21.906200097873807,200,
2.160100033506751,200,
13.614599825814366,200,
15.994400018826127,200,
15.98449982702732,200,
16.619999893009663,200,
2.9591999482363462,200,
3.4702999982982874,200,
2.5459001772105694,200,
5.68309985101223,200,
3.5929998848587275,200,
2.702399855479598,200,
18.693000078201294,200,
21.402399986982346,200,
2.0845001563429832,200,
13.247099937871099,200,
15.366500010713935,200,
1.932100160047412,200,
4.358300007879734,200,
12.834200169891119,200,
27.604900067672133,200,
17.138299997895956,200,
2.269800053909421,200,
1.5505000483244658,200,
13.553300173953176,200,
16.429999843239784,200,
26.930599939078093,200,
2.533900085836649,200,
14.550700085237622,200,
9.144100127741694,200,
1.6113000456243753,200,
26.713100029155612,200,
2.002099994570017,200,
14.427900081500411,200,
21.167899947613478,200,
2.3938999511301517,200,
3.2732998952269554,200,
13.54240020737052,200,
12.673400109633803,200,
1.9902000203728676,200,
3.840200137346983,200,
12.562799965962768,200,
15.734100015833974,200,
27.06249989569187,200,
15.206199837848544,200,
15.889599919319153,200,
15.360099961981177,200,
15.376700088381767,200,
2.3080999962985516,200,
3.3696999307721853,200,
2.8403999749571085,200,
2.315700054168701,200,
2.1399001125246286,200,
23.10570003464818,200,
26.47950011305511,200,
2.4971000384539366,200,
3.591099986806512,200,
27.23930007778108,200,
26.14999981597066,200,
2.1788000594824553,200,
2.8919000178575516,200,
12.533900095149875,200,
1.8517000135034323,200,
14.287299942225218,200,
28.188399970531464,200,
6.415100069716573,200,
8.485399885103106,200,
3.1328999903053045,200,
2.8396002016961575,200,
2.1762999240309,200,
3.8928999565541744,200,
17.141199903562665,200,
17.0221000444144,200,
1.91399990580976,200,
3.383199917152524,200,
2.3942000698298216,200,
25.614199927076697,200,
27.03200001269579,200,
15.672000125050545,200,
16.2752999458462,200,
15.558300074189901,200,
15.346799977123737,200,
1.6526998952031136,200,
3.2134000211954117,200,
12.279200134798884,200,
13.828299939632416,200,
2.2746999748051167,200,
13.20110005326569,200,
15.688400017097592,200,
2.0093999337404966,200,
2.8854000847786665,200,
12.768899789080024,200,
16.11079997383058,200,
28.153899824246764,200,
2.4672001600265503,200,
13.130699982866645,200,
15.488300006836653,200,
2.0308000966906548,200,
3.0138001311570406,200,
13.674600049853325,200,
15.505800023674965,200,
2.506399992853403,200,
12.909299926832318,200,
1.6129999421536922,200,
13.975800015032291,200,
27.202900033444166,200,
2.3747000377625227,200,
17.19440007582307,200,
14.5195999648422,200,
2.5110999122262,200,
13.96110001951456,200,
15.249500051140785,200,
27.606300078332424,200,
2.396400086581707,200,
5.092000123113394,200,
25.19589988514781,200,
27.613099897280335,200,
1.8756999634206295,200,
2.7371998876333237,200,
14.656099956482649,200,
16.31109998561442,200,
26.41379996202886,200,
1.7671000678092241,200,
14.32999991811812,200,
16.988999908789992,200,
1.9801000598818064,200,
2.8801001608371735,200,
1.8938998691737652,200,
2.978899981826544,200,
13.192000100389123,200,
1.7217998392879963,200,
14.484500046819448,200,
23.30560004338622,200,
2.9490001033991575,200,
3.5275998525321484,200,
2.0741999614983797,200,
3.183299908414483,200,
2.057099947705865,200,
2.449000021442771,200,
2.3888000287115574,200,
3.731600008904934,200,
4.2270999401807785,200,
25.257800007238984,200,
2.1478000562638044,200,
1.708699855953455,200,
2.190799918025732,200,
24.314400041475892,200,
16.534800175577402,200,
26.2833999004215,200,
2.723400015383959,200,
14.070599805563688,200,
27.767499908804893,200,
17.430200008675456,200,
2.4059999268501997,200,
1.8544001504778862,200,
13.60890013165772,200,
3.1701999250799417,200,
2.4241001810878515,200,
24.36199993826449,200,
2.854900201782584,200,
13.179500121623278,200,
24.949300102889538,200,
2.7344999834895134,200,
13.842600164934993,200,
1.953100087121129,200,
14.677800005301833,200,
27.87779993377626,200,
2.1961000747978687,200,
3.9037999231368303,200,
